order_id,date,item_name,item_type,item_price,quantity,transaction_amount,transaction_type,received_by,time_of_sale,month,year,month_year
1,2022-07-03,Aalopuri,Fastfood,20,13,260,not available,Male,Night,Jul,2022,Jul 2022
2,2022-08-23,Vadapav,Fastfood,20,15,300,Cash,Male,Afternoon,Aug,2022,Aug 2022
3,2022-11-20,Vadapav,Fastfood,20,1,20,Cash,Male,Afternoon,Nov,2022,Nov 2022
4,2023-02-03,Sugarcane juice,Beverages,25,6,150,Online,Male,Night,Feb,2023,Feb 2023
5,2022-10-02,Sugarcane juice,Beverages,25,8,200,Online,Male,Evening,Oct,2022,Oct 2022
6,2022-11-14,Vadapav,Fastfood,20,10,200,Cash,Male,Evening,Nov,2022,Nov 2022
7,2022-05-03,Sugarcane juice,Beverages,25,9,225,Cash,Male,Evening,May,2022,May 2022
8,2022-12-22,Panipuri,Fastfood,20,14,280,Online,Male,Night,Dec,2022,Dec 2022
9,2022-06-10,Panipuri,Fastfood,20,1,20,Cash,Female,Morning,Jun,2022,Jun 2022
10,2022-09-16,Panipuri,Fastfood,20,5,100,Online,Male,Afternoon,Sep,2022,Sep 2022
11,2022-12-01,Frankie,Fastfood,50,8,400,Online,Female,Afternoon,Dec,2022,Dec 2022
12,2022-07-12,Vadapav,Fastfood,20,8,160,Online,Female,Night,Jul,2022,Jul 2022
13,2022-12-22,Panipuri,Fastfood,20,9,180,Online,Female,Afternoon,Dec,2022,Dec 2022
14,2022-11-25,Frankie,Fastfood,50,4,200,Online,Male,Morning,Nov,2022,Nov 2022
15,2023-02-03,Aalopuri,Fastfood,20,3,60,Cash,Female,Evening,Feb,2023,Feb 2023
16,2022-04-14,Sandwich,Fastfood,60,11,660,not available,Female,Midnight,Apr,2022,Apr 2022
17,2022-10-16,Panipuri,Fastfood,20,11,220,Cash,Female,Morning,Oct,2022,Oct 2022
18,2022-11-05,Panipuri,Fastfood,20,10,200,Cash,Female,Night,Nov,2022,Nov 2022
19,2022-08-22,Panipuri,Fastfood,20,11,220,Cash,Female,Night,Aug,2022,Aug 2022
20,2022-09-15,Cold coffee,Beverages,40,10,400,Online,Male,Night,Sep,2022,Sep 2022
21,2022-12-21,Cold coffee,Beverages,40,15,600,Cash,Male,Evening,Dec,2022,Dec 2022
22,2022-10-04,Sugarcane juice,Beverages,25,12,300,Online,Male,Evening,Oct,2022,Oct 2022
23,2022-05-26,Sandwich,Fastfood,60,3,180,Online,Male,Midnight,May,2022,May 2022
24,2023-02-11,Sugarcane juice,Beverages,25,10,250,Online,Male,Afternoon,Feb,2023,Feb 2023
25,2022-08-31,Sandwich,Fastfood,60,1,60,Online,Female,Evening,Aug,2022,Aug 2022
26,2022-08-18,Sugarcane juice,Beverages,25,4,100,Cash,Male,Afternoon,Aug,2022,Aug 2022
27,2022-10-12,Cold coffee,Beverages,40,11,440,Online,Female,Afternoon,Oct,2022,Oct 2022
28,2023-01-06,Cold coffee,Beverages,40,10,400,Online,Female,Afternoon,Jan,2023,Jan 2023
29,2023-02-10,Sugarcane juice,Beverages,25,9,225,Online,Male,Afternoon,Feb,2023,Feb 2023
30,2023-01-28,Frankie,Fastfood,50,2,100,Cash,Female,Night,Jan,2023,Jan 2023
31,2022-09-14,Cold coffee,Beverages,40,13,520,Online,Female,Evening,Sep,2022,Sep 2022
32,2022-05-06,Aalopuri,Fastfood,20,4,80,not available,Male,Morning,May,2022,May 2022
33,2023-02-05,Aalopuri,Fastfood,20,13,260,Online,Male,Night,Feb,2023,Feb 2023
34,2023-02-04,Frankie,Fastfood,50,12,600,Online,Female,Evening,Feb,2023,Feb 2023
35,2022-05-22,Vadapav,Fastfood,20,8,160,Cash,Male,Morning,May,2022,May 2022
36,2022-07-02,Cold coffee,Beverages,40,10,400,Online,Male,Afternoon,Jul,2022,Jul 2022
37,2023-01-05,Frankie,Fastfood,50,10,500,Cash,Male,Night,Jan,2023,Jan 2023
38,2023-03-08,Panipuri,Fastfood,20,12,240,Online,Female,Night,Mar,2023,Mar 2023
39,2022-05-14,Vadapav,Fastfood,20,2,40,Online,Male,Evening,May,2022,May 2022
40,2023-02-05,Sandwich,Fastfood,60,5,300,Online,Female,Night,Feb,2023,Feb 2023
41,2022-11-13,Cold coffee,Beverages,40,11,440,not available,Male,Afternoon,Nov,2022,Nov 2022
42,2022-05-09,Aalopuri,Fastfood,20,8,160,Online,Female,Night,May,2022,May 2022
43,2022-05-26,Vadapav,Fastfood,20,1,20,Cash,Male,Night,May,2022,May 2022
44,2022-08-28,Cold coffee,Beverages,40,12,480,Cash,Male,Evening,Aug,2022,Aug 2022
45,2022-08-15,Sugarcane juice,Beverages,25,6,150,Cash,Female,Afternoon,Aug,2022,Aug 2022
46,2022-05-07,Vadapav,Fastfood,20,7,140,Cash,Male,Evening,May,2022,May 2022
47,2022-07-10,Sandwich,Fastfood,60,7,420,not available,Male,Morning,Jul,2022,Jul 2022
48,2023-02-23,Sandwich,Fastfood,60,14,840,Online,Male,Afternoon,Feb,2023,Feb 2023
49,2022-11-06,Frankie,Fastfood,50,4,200,Online,Female,Morning,Nov,2022,Nov 2022
50,2022-11-02,Vadapav,Fastfood,20,8,160,Cash,Female,Midnight,Nov,2022,Nov 2022
51,2022-05-16,Frankie,Fastfood,50,15,750,Online,Female,Morning,May,2022,May 2022
52,2023-03-16,Sugarcane juice,Beverages,25,12,300,Cash,Female,Midnight,Mar,2023,Mar 2023
53,2022-07-26,Aalopuri,Fastfood,20,13,260,Cash,Male,Afternoon,Jul,2022,Jul 2022
54,2022-12-28,Panipuri,Fastfood,20,14,280,Online,Female,Morning,Dec,2022,Dec 2022
55,2022-05-07,Sandwich,Fastfood,60,10,600,Cash,Male,Night,May,2022,May 2022
56,2022-11-23,Panipuri,Fastfood,20,11,220,Cash,Female,Midnight,Nov,2022,Nov 2022
57,2022-08-04,Panipuri,Fastfood,20,14,280,Online,Female,Morning,Aug,2022,Aug 2022
58,2023-02-03,Vadapav,Fastfood,20,6,120,Online,Female,Morning,Feb,2023,Feb 2023
59,2022-07-01,Vadapav,Fastfood,20,5,100,Cash,Male,Morning,Jul,2022,Jul 2022
60,2022-06-11,Cold coffee,Beverages,40,2,80,Online,Male,Night,Jun,2022,Jun 2022
61,2022-12-25,Vadapav,Fastfood,20,14,280,Cash,Female,Afternoon,Dec,2022,Dec 2022
62,2022-10-17,Sugarcane juice,Beverages,25,3,75,Cash,Male,Afternoon,Oct,2022,Oct 2022
63,2022-12-01,Sandwich,Fastfood,60,7,420,Online,Female,Morning,Dec,2022,Dec 2022
64,2022-12-09,Cold coffee,Beverages,40,1,40,Cash,Male,Morning,Dec,2022,Dec 2022
65,2022-07-25,Aalopuri,Fastfood,20,4,80,Cash,Male,Morning,Jul,2022,Jul 2022
66,2022-04-05,Frankie,Fastfood,50,2,100,Cash,Female,Morning,Apr,2022,Apr 2022
67,2022-05-15,Aalopuri,Fastfood,20,9,180,Cash,Male,Midnight,May,2022,May 2022
68,2022-12-17,Cold coffee,Beverages,40,2,80,not available,Male,Night,Dec,2022,Dec 2022
69,2023-01-10,Vadapav,Fastfood,20,7,140,Cash,Male,Midnight,Jan,2023,Jan 2023
70,2022-05-09,Cold coffee,Beverages,40,14,560,not available,Female,Morning,May,2022,May 2022
71,2022-12-05,Cold coffee,Beverages,40,6,240,Online,Male,Night,Dec,2022,Dec 2022
72,2023-03-09,Frankie,Fastfood,50,13,650,Online,Male,Afternoon,Mar,2023,Mar 2023
73,2022-07-29,Panipuri,Fastfood,20,5,100,Cash,Male,Midnight,Jul,2022,Jul 2022
74,2022-08-15,Cold coffee,Beverages,40,10,400,Online,Female,Evening,Aug,2022,Aug 2022
75,2023-02-02,Cold coffee,Beverages,40,6,240,Online,Female,Afternoon,Feb,2023,Feb 2023
76,2022-08-17,Vadapav,Fastfood,20,9,180,Online,Male,Morning,Aug,2022,Aug 2022
77,2023-02-04,Sugarcane juice,Beverages,25,12,300,Cash,Female,Midnight,Feb,2023,Feb 2023
78,2022-10-01,Vadapav,Fastfood,20,4,80,Cash,Female,Evening,Oct,2022,Oct 2022
79,2022-11-05,Panipuri,Fastfood,20,6,120,Online,Male,Night,Nov,2022,Nov 2022
80,2022-05-24,Frankie,Fastfood,50,13,650,Cash,Male,Evening,May,2022,May 2022
81,2022-11-19,Frankie,Fastfood,50,12,600,Online,Female,Night,Nov,2022,Nov 2022
82,2022-07-17,Frankie,Fastfood,50,3,150,Online,Female,Evening,Jul,2022,Jul 2022
83,2022-11-13,Frankie,Fastfood,50,11,550,not available,Male,Evening,Nov,2022,Nov 2022
84,2023-03-03,Panipuri,Fastfood,20,13,260,Cash,Male,Midnight,Mar,2023,Mar 2023
85,2022-08-19,Aalopuri,Fastfood,20,3,60,Online,Female,Night,Aug,2022,Aug 2022
86,2023-03-09,Aalopuri,Fastfood,20,15,300,Cash,Male,Morning,Mar,2023,Mar 2023
87,2022-05-29,Aalopuri,Fastfood,20,8,160,Cash,Male,Night,May,2022,May 2022
88,2022-07-07,Cold coffee,Beverages,40,10,400,Cash,Male,Evening,Jul,2022,Jul 2022
89,2022-12-23,Aalopuri,Fastfood,20,14,280,Cash,Male,Evening,Dec,2022,Dec 2022
90,2022-10-29,Vadapav,Fastfood,20,15,300,Online,Male,Night,Oct,2022,Oct 2022
91,2023-03-22,Cold coffee,Beverages,40,6,240,not available,Female,Evening,Mar,2023,Mar 2023
92,2022-05-13,Aalopuri,Fastfood,20,15,300,Cash,Male,Afternoon,May,2022,May 2022
93,2022-07-03,Cold coffee,Beverages,40,2,80,Online,Female,Midnight,Jul,2022,Jul 2022
94,2022-09-14,Aalopuri,Fastfood,20,15,300,not available,Female,Night,Sep,2022,Sep 2022
95,2022-05-12,Sugarcane juice,Beverages,25,8,200,Online,Male,Night,May,2022,May 2022
96,2022-08-22,Sandwich,Fastfood,60,15,900,not available,Male,Morning,Aug,2022,Aug 2022
97,2023-03-29,Cold coffee,Beverages,40,13,520,Online,Male,Evening,Mar,2023,Mar 2023
98,2022-12-24,Vadapav,Fastfood,20,1,20,Online,Male,Morning,Dec,2022,Dec 2022
99,2022-09-11,Sugarcane juice,Beverages,25,3,75,Cash,Male,Evening,Sep,2022,Sep 2022
100,2022-05-08,Panipuri,Fastfood,20,11,220,not available,Male,Morning,May,2022,May 2022
101,2023-03-26,Vadapav,Fastfood,20,3,60,Online,Female,Morning,Mar,2023,Mar 2023
102,2023-03-13,Cold coffee,Beverages,40,14,560,Cash,Male,Morning,Mar,2023,Mar 2023
103,2023-03-14,Cold coffee,Beverages,40,8,320,Online,Female,Midnight,Mar,2023,Mar 2023
104,2022-10-27,Cold coffee,Beverages,40,13,520,Online,Male,Morning,Oct,2022,Oct 2022
105,2023-01-25,Panipuri,Fastfood,20,8,160,Cash,Female,Evening,Jan,2023,Jan 2023
106,2023-02-25,Frankie,Fastfood,50,9,450,Cash,Female,Evening,Feb,2023,Feb 2023
107,2023-02-07,Sandwich,Fastfood,60,4,240,Online,Male,Afternoon,Feb,2023,Feb 2023
108,2022-08-06,Panipuri,Fastfood,20,5,100,Online,Male,Afternoon,Aug,2022,Aug 2022
109,2022-08-08,Cold coffee,Beverages,40,12,480,not available,Male,Afternoon,Aug,2022,Aug 2022
110,2022-11-16,Panipuri,Fastfood,20,2,40,Online,Female,Morning,Nov,2022,Nov 2022
111,2022-09-04,Sandwich,Fastfood,60,8,480,Cash,Female,Midnight,Sep,2022,Sep 2022
112,2023-02-24,Sandwich,Fastfood,60,7,420,Cash,Male,Morning,Feb,2023,Feb 2023
113,2022-12-12,Aalopuri,Fastfood,20,8,160,Cash,Male,Afternoon,Dec,2022,Dec 2022
114,2022-08-14,Aalopuri,Fastfood,20,10,200,Online,Male,Afternoon,Aug,2022,Aug 2022
115,2023-01-12,Aalopuri,Fastfood,20,13,260,not available,Male,Evening,Jan,2023,Jan 2023
116,2022-08-26,Sugarcane juice,Beverages,25,13,325,Cash,Male,Evening,Aug,2022,Aug 2022
117,2023-03-09,Frankie,Fastfood,50,7,350,Online,Female,Evening,Mar,2023,Mar 2023
118,2022-07-06,Sandwich,Fastfood,60,1,60,Online,Male,Midnight,Jul,2022,Jul 2022
119,2022-05-12,Panipuri,Fastfood,20,10,200,Cash,Male,Evening,May,2022,May 2022
120,2022-07-10,Frankie,Fastfood,50,2,100,Cash,Female,Evening,Jul,2022,Jul 2022
121,2022-08-26,Cold coffee,Beverages,40,8,320,Cash,Male,Afternoon,Aug,2022,Aug 2022
122,2022-04-24,Panipuri,Fastfood,20,3,60,not available,Female,Night,Apr,2022,Apr 2022
123,2022-06-09,Cold coffee,Beverages,40,6,240,Online,Male,Evening,Jun,2022,Jun 2022
124,2022-10-14,Sugarcane juice,Beverages,25,13,325,not available,Female,Evening,Oct,2022,Oct 2022
125,2022-04-10,Vadapav,Fastfood,20,7,140,Cash,Female,Midnight,Apr,2022,Apr 2022
126,2022-04-08,Panipuri,Fastfood,20,11,220,Online,Female,Night,Apr,2022,Apr 2022
127,2022-12-03,Aalopuri,Fastfood,20,1,20,not available,Female,Morning,Dec,2022,Dec 2022
128,2022-08-07,Vadapav,Fastfood,20,11,220,Online,Male,Midnight,Aug,2022,Aug 2022
129,2022-10-19,Panipuri,Fastfood,20,13,260,Cash,Female,Morning,Oct,2022,Oct 2022
130,2022-12-28,Sugarcane juice,Beverages,25,7,175,Cash,Male,Night,Dec,2022,Dec 2022
131,2023-01-19,Sandwich,Fastfood,60,8,480,Cash,Male,Night,Jan,2023,Jan 2023
132,2022-12-05,Vadapav,Fastfood,20,4,80,Online,Female,Night,Dec,2022,Dec 2022
133,2022-12-20,Aalopuri,Fastfood,20,5,100,Online,Male,Midnight,Dec,2022,Dec 2022
134,2022-07-17,Aalopuri,Fastfood,20,12,240,Online,Female,Night,Jul,2022,Jul 2022
135,2023-01-14,Aalopuri,Fastfood,20,8,160,Online,Male,Midnight,Jan,2023,Jan 2023
136,2022-08-24,Aalopuri,Fastfood,20,15,300,Online,Male,Morning,Aug,2022,Aug 2022
137,2023-03-19,Sugarcane juice,Beverages,25,6,150,not available,Male,Afternoon,Mar,2023,Mar 2023
138,2022-09-01,Sandwich,Fastfood,60,15,900,Online,Male,Night,Sep,2022,Sep 2022
139,2023-02-26,Frankie,Fastfood,50,11,550,Online,Female,Night,Feb,2023,Feb 2023
140,2022-06-12,Frankie,Fastfood,50,13,650,Cash,Male,Night,Jun,2022,Jun 2022
141,2022-06-15,Aalopuri,Fastfood,20,4,80,not available,Male,Evening,Jun,2022,Jun 2022
142,2022-12-30,Sugarcane juice,Beverages,25,12,300,Cash,Female,Morning,Dec,2022,Dec 2022
143,2022-09-18,Frankie,Fastfood,50,8,400,not available,Female,Afternoon,Sep,2022,Sep 2022
144,2022-11-17,Panipuri,Fastfood,20,10,200,Cash,Female,Evening,Nov,2022,Nov 2022
145,2022-10-09,Sandwich,Fastfood,60,14,840,Online,Male,Morning,Oct,2022,Oct 2022
146,2022-10-28,Frankie,Fastfood,50,4,200,not available,Female,Afternoon,Oct,2022,Oct 2022
147,2022-05-17,Panipuri,Fastfood,20,7,140,Online,Male,Evening,May,2022,May 2022
148,2023-03-19,Sandwich,Fastfood,60,13,780,Online,Male,Evening,Mar,2023,Mar 2023
149,2022-08-09,Sandwich,Fastfood,60,7,420,Online,Male,Morning,Aug,2022,Aug 2022
150,2023-01-30,Cold coffee,Beverages,40,14,560,Cash,Male,Afternoon,Jan,2023,Jan 2023
151,2022-07-10,Frankie,Fastfood,50,13,650,Online,Female,Morning,Jul,2022,Jul 2022
152,2022-10-24,Cold coffee,Beverages,40,9,360,Online,Male,Afternoon,Oct,2022,Oct 2022
153,2022-07-21,Panipuri,Fastfood,20,1,20,Cash,Female,Evening,Jul,2022,Jul 2022
154,2022-12-13,Vadapav,Fastfood,20,3,60,Cash,Male,Night,Dec,2022,Dec 2022
155,2023-02-07,Sugarcane juice,Beverages,25,10,250,Cash,Female,Evening,Feb,2023,Feb 2023
156,2023-03-25,Panipuri,Fastfood,20,14,280,Cash,Male,Midnight,Mar,2023,Mar 2023
157,2023-02-24,Frankie,Fastfood,50,7,350,Online,Female,Midnight,Feb,2023,Feb 2023
158,2022-05-16,Aalopuri,Fastfood,20,2,40,not available,Male,Midnight,May,2022,May 2022
159,2022-10-03,Sugarcane juice,Beverages,25,1,25,Online,Female,Afternoon,Oct,2022,Oct 2022
160,2022-07-23,Vadapav,Fastfood,20,10,200,Online,Male,Night,Jul,2022,Jul 2022
161,2023-01-19,Sugarcane juice,Beverages,25,12,300,Cash,Male,Evening,Jan,2023,Jan 2023
162,2022-05-07,Aalopuri,Fastfood,20,11,220,Cash,Male,Midnight,May,2022,May 2022
163,2023-01-06,Frankie,Fastfood,50,6,300,Online,Female,Midnight,Jan,2023,Jan 2023
164,2022-08-10,Sugarcane juice,Beverages,25,7,175,Online,Male,Afternoon,Aug,2022,Aug 2022
165,2023-01-05,Sandwich,Fastfood,60,11,660,Cash,Male,Midnight,Jan,2023,Jan 2023
166,2022-06-01,Panipuri,Fastfood,20,6,120,Cash,Female,Evening,Jun,2022,Jun 2022
167,2023-02-23,Cold coffee,Beverages,40,6,240,Cash,Female,Morning,Feb,2023,Feb 2023
168,2022-04-19,Sandwich,Fastfood,60,4,240,Cash,Female,Midnight,Apr,2022,Apr 2022
169,2022-06-20,Vadapav,Fastfood,20,6,120,Cash,Male,Morning,Jun,2022,Jun 2022
170,2023-02-13,Aalopuri,Fastfood,20,6,120,not available,Female,Afternoon,Feb,2023,Feb 2023
171,2023-03-02,Vadapav,Fastfood,20,11,220,Cash,Female,Midnight,Mar,2023,Mar 2023
172,2022-08-27,Sugarcane juice,Beverages,25,6,150,Online,Female,Night,Aug,2022,Aug 2022
173,2023-01-20,Cold coffee,Beverages,40,2,80,Online,Male,Night,Jan,2023,Jan 2023
174,2022-09-03,Aalopuri,Fastfood,20,2,40,Online,Male,Evening,Sep,2022,Sep 2022
175,2022-10-17,Frankie,Fastfood,50,12,600,Cash,Female,Afternoon,Oct,2022,Oct 2022
176,2022-08-04,Panipuri,Fastfood,20,1,20,Cash,Female,Midnight,Aug,2022,Aug 2022
177,2022-07-21,Panipuri,Fastfood,20,11,220,Online,Female,Morning,Jul,2022,Jul 2022
178,2022-12-09,Aalopuri,Fastfood,20,2,40,Cash,Female,Morning,Dec,2022,Dec 2022
179,2023-03-03,Sugarcane juice,Beverages,25,5,125,not available,Female,Midnight,Mar,2023,Mar 2023
180,2022-12-01,Vadapav,Fastfood,20,6,120,Online,Female,Afternoon,Dec,2022,Dec 2022
181,2022-06-09,Cold coffee,Beverages,40,7,280,Cash,Female,Night,Jun,2022,Jun 2022
182,2022-07-02,Cold coffee,Beverages,40,1,40,Cash,Male,Midnight,Jul,2022,Jul 2022
183,2022-07-10,Sugarcane juice,Beverages,25,5,125,Cash,Female,Midnight,Jul,2022,Jul 2022
184,2023-01-03,Cold coffee,Beverages,40,8,320,Cash,Male,Night,Jan,2023,Jan 2023
185,2023-01-13,Sugarcane juice,Beverages,25,15,375,not available,Male,Night,Jan,2023,Jan 2023
186,2023-03-15,Frankie,Fastfood,50,2,100,Online,Male,Afternoon,Mar,2023,Mar 2023
187,2022-10-11,Aalopuri,Fastfood,20,15,300,Cash,Female,Morning,Oct,2022,Oct 2022
188,2022-12-28,Panipuri,Fastfood,20,14,280,Cash,Female,Night,Dec,2022,Dec 2022
189,2023-02-08,Vadapav,Fastfood,20,12,240,Online,Male,Afternoon,Feb,2023,Feb 2023
190,2022-04-26,Cold coffee,Beverages,40,1,40,Online,Male,Evening,Apr,2022,Apr 2022
191,2022-05-20,Sugarcane juice,Beverages,25,14,350,Cash,Female,Morning,May,2022,May 2022
192,2022-10-26,Vadapav,Fastfood,20,2,40,Online,Male,Night,Oct,2022,Oct 2022
193,2023-02-05,Cold coffee,Beverages,40,15,600,Online,Female,Midnight,Feb,2023,Feb 2023
194,2022-12-15,Vadapav,Fastfood,20,4,80,Cash,Female,Morning,Dec,2022,Dec 2022
195,2022-04-23,Sandwich,Fastfood,60,4,240,Cash,Female,Night,Apr,2022,Apr 2022
196,2022-06-25,Sandwich,Fastfood,60,3,180,Cash,Male,Evening,Jun,2022,Jun 2022
197,2022-11-08,Panipuri,Fastfood,20,10,200,Cash,Female,Midnight,Nov,2022,Nov 2022
198,2023-01-05,Frankie,Fastfood,50,15,750,Cash,Male,Morning,Jan,2023,Jan 2023
199,2023-02-01,Frankie,Fastfood,50,6,300,Online,Female,Morning,Feb,2023,Feb 2023
200,2022-12-25,Cold coffee,Beverages,40,10,400,Cash,Female,Morning,Dec,2022,Dec 2022
201,2022-06-30,Panipuri,Fastfood,20,8,160,Cash,Male,Morning,Jun,2022,Jun 2022
202,2022-09-21,Aalopuri,Fastfood,20,9,180,Cash,Male,Afternoon,Sep,2022,Sep 2022
203,2022-04-11,Vadapav,Fastfood,20,6,120,Online,Female,Midnight,Apr,2022,Apr 2022
204,2022-10-24,Cold coffee,Beverages,40,7,280,Cash,Female,Evening,Oct,2022,Oct 2022
205,2022-10-17,Vadapav,Fastfood,20,4,80,not available,Male,Afternoon,Oct,2022,Oct 2022
206,2022-07-27,Aalopuri,Fastfood,20,4,80,Cash,Male,Night,Jul,2022,Jul 2022
207,2023-02-20,Cold coffee,Beverages,40,8,320,Online,Female,Evening,Feb,2023,Feb 2023
208,2022-08-26,Cold coffee,Beverages,40,13,520,Cash,Female,Midnight,Aug,2022,Aug 2022
209,2022-12-04,Aalopuri,Fastfood,20,2,40,Cash,Male,Night,Dec,2022,Dec 2022
210,2023-01-02,Sugarcane juice,Beverages,25,15,375,not available,Male,Night,Jan,2023,Jan 2023
211,2022-04-18,Aalopuri,Fastfood,20,12,240,Cash,Male,Morning,Apr,2022,Apr 2022
212,2022-05-05,Cold coffee,Beverages,40,12,480,Online,Female,Morning,May,2022,May 2022
213,2022-09-29,Vadapav,Fastfood,20,3,60,not available,Female,Midnight,Sep,2022,Sep 2022
214,2022-12-03,Sugarcane juice,Beverages,25,14,350,Online,Male,Evening,Dec,2022,Dec 2022
215,2022-12-10,Sugarcane juice,Beverages,25,7,175,not available,Female,Morning,Dec,2022,Dec 2022
216,2023-03-07,Panipuri,Fastfood,20,9,180,Cash,Female,Afternoon,Mar,2023,Mar 2023
217,2023-03-23,Cold coffee,Beverages,40,10,400,Cash,Male,Morning,Mar,2023,Mar 2023
218,2022-12-23,Cold coffee,Beverages,40,13,520,Online,Female,Midnight,Dec,2022,Dec 2022
219,2022-10-01,Aalopuri,Fastfood,20,9,180,Cash,Female,Evening,Oct,2022,Oct 2022
220,2022-05-13,Sugarcane juice,Beverages,25,1,25,Cash,Male,Afternoon,May,2022,May 2022
221,2023-03-26,Sandwich,Fastfood,60,1,60,Online,Male,Evening,Mar,2023,Mar 2023
222,2022-09-11,Sandwich,Fastfood,60,6,360,Cash,Female,Morning,Sep,2022,Sep 2022
223,2022-09-21,Panipuri,Fastfood,20,13,260,Online,Male,Night,Sep,2022,Sep 2022
224,2023-03-23,Sugarcane juice,Beverages,25,14,350,Cash,Male,Afternoon,Mar,2023,Mar 2023
225,2023-03-16,Frankie,Fastfood,50,11,550,Cash,Female,Evening,Mar,2023,Mar 2023
226,2022-12-12,Aalopuri,Fastfood,20,13,260,Online,Female,Afternoon,Dec,2022,Dec 2022
227,2022-11-17,Cold coffee,Beverages,40,5,200,Cash,Female,Afternoon,Nov,2022,Nov 2022
228,2022-11-05,Panipuri,Fastfood,20,8,160,Online,Male,Night,Nov,2022,Nov 2022
229,2022-12-15,Panipuri,Fastfood,20,7,140,not available,Male,Evening,Dec,2022,Dec 2022
230,2022-04-16,Frankie,Fastfood,50,6,300,Online,Male,Afternoon,Apr,2022,Apr 2022
231,2022-04-16,Sugarcane juice,Beverages,25,3,75,not available,Male,Night,Apr,2022,Apr 2022
232,2022-04-23,Vadapav,Fastfood,20,13,260,Cash,Female,Night,Apr,2022,Apr 2022
233,2022-07-31,Panipuri,Fastfood,20,5,100,Cash,Male,Morning,Jul,2022,Jul 2022
234,2022-07-27,Panipuri,Fastfood,20,10,200,Cash,Male,Midnight,Jul,2022,Jul 2022
235,2022-11-29,Sandwich,Fastfood,60,10,600,Cash,Female,Afternoon,Nov,2022,Nov 2022
236,2022-06-26,Vadapav,Fastfood,20,12,240,not available,Female,Evening,Jun,2022,Jun 2022
237,2022-11-08,Panipuri,Fastfood,20,13,260,Cash,Female,Midnight,Nov,2022,Nov 2022
238,2022-04-26,Vadapav,Fastfood,20,13,260,Cash,Male,Morning,Apr,2022,Apr 2022
239,2022-12-04,Frankie,Fastfood,50,4,200,Online,Male,Evening,Dec,2022,Dec 2022
240,2022-12-11,Sandwich,Fastfood,60,10,600,Cash,Female,Morning,Dec,2022,Dec 2022
241,2022-06-06,Sugarcane juice,Beverages,25,2,50,Cash,Male,Afternoon,Jun,2022,Jun 2022
242,2022-12-23,Cold coffee,Beverages,40,4,160,Online,Female,Midnight,Dec,2022,Dec 2022
243,2022-11-12,Panipuri,Fastfood,20,5,100,Cash,Female,Midnight,Nov,2022,Nov 2022
244,2022-11-22,Sandwich,Fastfood,60,10,600,Online,Female,Midnight,Nov,2022,Nov 2022
245,2022-10-03,Vadapav,Fastfood,20,2,40,Cash,Female,Morning,Oct,2022,Oct 2022
246,2022-11-16,Vadapav,Fastfood,20,10,200,Cash,Male,Afternoon,Nov,2022,Nov 2022
247,2022-10-03,Sugarcane juice,Beverages,25,6,150,not available,Male,Midnight,Oct,2022,Oct 2022
248,2022-04-17,Frankie,Fastfood,50,5,250,Online,Female,Midnight,Apr,2022,Apr 2022
249,2022-10-26,Sugarcane juice,Beverages,25,3,75,Online,Female,Afternoon,Oct,2022,Oct 2022
250,2022-11-15,Sugarcane juice,Beverages,25,6,150,Online,Female,Midnight,Nov,2022,Nov 2022
251,2022-12-21,Cold coffee,Beverages,40,13,520,not available,Female,Afternoon,Dec,2022,Dec 2022
252,2023-03-26,Vadapav,Fastfood,20,8,160,Online,Male,Midnight,Mar,2023,Mar 2023
253,2022-06-18,Sugarcane juice,Beverages,25,13,325,Online,Male,Afternoon,Jun,2022,Jun 2022
254,2022-10-09,Cold coffee,Beverages,40,12,480,not available,Female,Afternoon,Oct,2022,Oct 2022
255,2022-04-30,Vadapav,Fastfood,20,7,140,not available,Female,Afternoon,Apr,2022,Apr 2022
256,2023-03-16,Aalopuri,Fastfood,20,3,60,Online,Female,Midnight,Mar,2023,Mar 2023
257,2023-01-03,Sandwich,Fastfood,60,10,600,Cash,Female,Midnight,Jan,2023,Jan 2023
258,2022-09-06,Vadapav,Fastfood,20,14,280,Cash,Male,Midnight,Sep,2022,Sep 2022
259,2022-11-18,Sandwich,Fastfood,60,4,240,Online,Male,Morning,Nov,2022,Nov 2022
260,2022-09-10,Sugarcane juice,Beverages,25,2,50,Online,Female,Night,Sep,2022,Sep 2022
261,2023-01-11,Frankie,Fastfood,50,9,450,Cash,Female,Midnight,Jan,2023,Jan 2023
262,2023-03-05,Vadapav,Fastfood,20,5,100,not available,Female,Evening,Mar,2023,Mar 2023
263,2022-06-19,Panipuri,Fastfood,20,2,40,Cash,Male,Evening,Jun,2022,Jun 2022
264,2022-07-18,Sugarcane juice,Beverages,25,12,300,Online,Male,Morning,Jul,2022,Jul 2022
265,2022-08-15,Vadapav,Fastfood,20,6,120,Cash,Male,Midnight,Aug,2022,Aug 2022
266,2022-10-02,Frankie,Fastfood,50,10,500,Online,Female,Night,Oct,2022,Oct 2022
267,2023-03-05,Vadapav,Fastfood,20,1,20,Cash,Male,Morning,Mar,2023,Mar 2023
268,2023-02-05,Cold coffee,Beverages,40,12,480,Cash,Female,Midnight,Feb,2023,Feb 2023
269,2022-12-22,Panipuri,Fastfood,20,2,40,not available,Female,Midnight,Dec,2022,Dec 2022
270,2022-09-07,Sandwich,Fastfood,60,13,780,Cash,Male,Evening,Sep,2022,Sep 2022
271,2022-05-03,Vadapav,Fastfood,20,13,260,Cash,Male,Evening,May,2022,May 2022
272,2022-07-29,Frankie,Fastfood,50,5,250,Online,Female,Night,Jul,2022,Jul 2022
273,2022-08-15,Panipuri,Fastfood,20,15,300,Cash,Male,Midnight,Aug,2022,Aug 2022
274,2023-01-04,Sugarcane juice,Beverages,25,10,250,Online,Male,Night,Jan,2023,Jan 2023
275,2023-02-04,Vadapav,Fastfood,20,15,300,Online,Male,Night,Feb,2023,Feb 2023
276,2022-09-30,Sugarcane juice,Beverages,25,6,150,Cash,Male,Midnight,Sep,2022,Sep 2022
277,2022-12-08,Cold coffee,Beverages,40,13,520,Cash,Female,Midnight,Dec,2022,Dec 2022
278,2022-06-19,Frankie,Fastfood,50,6,300,Online,Female,Night,Jun,2022,Jun 2022
279,2022-09-14,Vadapav,Fastfood,20,15,300,Cash,Female,Afternoon,Sep,2022,Sep 2022
280,2022-10-09,Panipuri,Fastfood,20,14,280,Online,Female,Evening,Oct,2022,Oct 2022
281,2022-08-09,Sandwich,Fastfood,60,3,180,Cash,Female,Afternoon,Aug,2022,Aug 2022
282,2022-05-16,Vadapav,Fastfood,20,13,260,not available,Female,Morning,May,2022,May 2022
283,2022-07-02,Panipuri,Fastfood,20,2,40,Cash,Female,Midnight,Jul,2022,Jul 2022
284,2023-01-29,Frankie,Fastfood,50,7,350,not available,Male,Afternoon,Jan,2023,Jan 2023
285,2022-06-28,Aalopuri,Fastfood,20,3,60,not available,Male,Night,Jun,2022,Jun 2022
286,2022-12-14,Vadapav,Fastfood,20,6,120,not available,Male,Night,Dec,2022,Dec 2022
287,2022-08-06,Aalopuri,Fastfood,20,3,60,Cash,Male,Morning,Aug,2022,Aug 2022
288,2022-08-22,Sandwich,Fastfood,60,7,420,Cash,Male,Night,Aug,2022,Aug 2022
289,2022-11-28,Aalopuri,Fastfood,20,7,140,Online,Female,Midnight,Nov,2022,Nov 2022
290,2022-05-03,Panipuri,Fastfood,20,7,140,Cash,Female,Morning,May,2022,May 2022
291,2023-01-27,Frankie,Fastfood,50,8,400,Online,Female,Night,Jan,2023,Jan 2023
292,2023-01-16,Frankie,Fastfood,50,2,100,Cash,Female,Midnight,Jan,2023,Jan 2023
293,2022-04-21,Panipuri,Fastfood,20,8,160,Online,Female,Morning,Apr,2022,Apr 2022
294,2022-09-23,Aalopuri,Fastfood,20,1,20,Cash,Female,Evening,Sep,2022,Sep 2022
295,2022-07-21,Sandwich,Fastfood,60,7,420,Cash,Male,Midnight,Jul,2022,Jul 2022
296,2023-02-06,Panipuri,Fastfood,20,7,140,Cash,Female,Afternoon,Feb,2023,Feb 2023
297,2022-04-30,Sandwich,Fastfood,60,10,600,Online,Male,Evening,Apr,2022,Apr 2022
298,2022-07-19,Sugarcane juice,Beverages,25,9,225,Cash,Female,Afternoon,Jul,2022,Jul 2022
299,2022-07-22,Aalopuri,Fastfood,20,1,20,Online,Female,Evening,Jul,2022,Jul 2022
300,2022-06-27,Aalopuri,Fastfood,20,8,160,Cash,Male,Afternoon,Jun,2022,Jun 2022
301,2023-01-28,Panipuri,Fastfood,20,7,140,Cash,Male,Night,Jan,2023,Jan 2023
302,2023-03-21,Aalopuri,Fastfood,20,14,280,Cash,Male,Night,Mar,2023,Mar 2023
303,2022-07-02,Sugarcane juice,Beverages,25,1,25,Cash,Female,Midnight,Jul,2022,Jul 2022
304,2022-05-28,Vadapav,Fastfood,20,15,300,Online,Male,Morning,May,2022,May 2022
305,2023-03-05,Panipuri,Fastfood,20,4,80,not available,Female,Morning,Mar,2023,Mar 2023
306,2023-03-03,Cold coffee,Beverages,40,8,320,Online,Female,Morning,Mar,2023,Mar 2023
307,2023-02-13,Vadapav,Fastfood,20,8,160,Cash,Male,Evening,Feb,2023,Feb 2023
308,2022-12-17,Sandwich,Fastfood,60,13,780,Online,Male,Evening,Dec,2022,Dec 2022
309,2022-10-14,Sandwich,Fastfood,60,8,480,Online,Male,Evening,Oct,2022,Oct 2022
310,2022-04-25,Vadapav,Fastfood,20,4,80,Cash,Male,Afternoon,Apr,2022,Apr 2022
311,2022-07-31,Frankie,Fastfood,50,7,350,not available,Female,Morning,Jul,2022,Jul 2022
312,2022-12-28,Cold coffee,Beverages,40,1,40,Cash,Female,Night,Dec,2022,Dec 2022
313,2022-04-19,Cold coffee,Beverages,40,1,40,Cash,Male,Midnight,Apr,2022,Apr 2022
314,2023-02-27,Frankie,Fastfood,50,8,400,Online,Female,Morning,Feb,2023,Feb 2023
315,2023-02-20,Cold coffee,Beverages,40,13,520,Online,Female,Afternoon,Feb,2023,Feb 2023
316,2022-11-02,Frankie,Fastfood,50,4,200,Online,Male,Morning,Nov,2022,Nov 2022
317,2023-03-10,Aalopuri,Fastfood,20,12,240,Online,Female,Afternoon,Mar,2023,Mar 2023
318,2022-12-21,Aalopuri,Fastfood,20,10,200,Online,Female,Midnight,Dec,2022,Dec 2022
319,2022-06-30,Frankie,Fastfood,50,15,750,Cash,Male,Afternoon,Jun,2022,Jun 2022
320,2023-03-18,Sugarcane juice,Beverages,25,7,175,Cash,Female,Afternoon,Mar,2023,Mar 2023
321,2023-02-08,Frankie,Fastfood,50,12,600,Cash,Female,Evening,Feb,2023,Feb 2023
322,2022-05-05,Cold coffee,Beverages,40,11,440,Cash,Male,Morning,May,2022,May 2022
323,2022-12-29,Aalopuri,Fastfood,20,4,80,Cash,Male,Morning,Dec,2022,Dec 2022
324,2022-07-18,Sugarcane juice,Beverages,25,15,375,Online,Female,Night,Jul,2022,Jul 2022
325,2023-03-02,Aalopuri,Fastfood,20,12,240,not available,Female,Afternoon,Mar,2023,Mar 2023
326,2022-05-03,Sandwich,Fastfood,60,8,480,Cash,Male,Evening,May,2022,May 2022
327,2022-11-29,Frankie,Fastfood,50,15,750,Cash,Female,Midnight,Nov,2022,Nov 2022
328,2022-06-16,Vadapav,Fastfood,20,3,60,Online,Male,Evening,Jun,2022,Jun 2022
329,2023-01-10,Panipuri,Fastfood,20,7,140,Online,Female,Afternoon,Jan,2023,Jan 2023
330,2022-09-22,Panipuri,Fastfood,20,8,160,not available,Male,Morning,Sep,2022,Sep 2022
331,2022-08-21,Panipuri,Fastfood,20,4,80,Online,Female,Evening,Aug,2022,Aug 2022
332,2023-02-17,Aalopuri,Fastfood,20,2,40,not available,Female,Afternoon,Feb,2023,Feb 2023
333,2022-10-30,Sugarcane juice,Beverages,25,11,275,Cash,Female,Afternoon,Oct,2022,Oct 2022
334,2022-04-04,Cold coffee,Beverages,40,4,160,Cash,Female,Evening,Apr,2022,Apr 2022
335,2022-10-24,Cold coffee,Beverages,40,11,440,Cash,Male,Night,Oct,2022,Oct 2022
336,2022-09-03,Sugarcane juice,Beverages,25,13,325,not available,Female,Midnight,Sep,2022,Sep 2022
337,2022-10-15,Aalopuri,Fastfood,20,14,280,Online,Female,Midnight,Oct,2022,Oct 2022
338,2022-05-06,Sugarcane juice,Beverages,25,12,300,Cash,Male,Morning,May,2022,May 2022
339,2023-02-16,Sugarcane juice,Beverages,25,1,25,not available,Female,Midnight,Feb,2023,Feb 2023
340,2022-06-02,Cold coffee,Beverages,40,4,160,Cash,Female,Evening,Jun,2022,Jun 2022
341,2023-03-19,Frankie,Fastfood,50,9,450,Cash,Female,Evening,Mar,2023,Mar 2023
342,2023-03-11,Vadapav,Fastfood,20,7,140,Online,Male,Afternoon,Mar,2023,Mar 2023
343,2023-01-18,Sugarcane juice,Beverages,25,5,125,Cash,Male,Afternoon,Jan,2023,Jan 2023
344,2022-05-13,Cold coffee,Beverages,40,14,560,Cash,Male,Night,May,2022,May 2022
345,2022-05-09,Panipuri,Fastfood,20,14,280,Online,Female,Night,May,2022,May 2022
346,2023-01-31,Cold coffee,Beverages,40,12,480,Cash,Male,Morning,Jan,2023,Jan 2023
347,2022-06-24,Frankie,Fastfood,50,7,350,Cash,Female,Afternoon,Jun,2022,Jun 2022
348,2022-09-19,Vadapav,Fastfood,20,1,20,Online,Female,Midnight,Sep,2022,Sep 2022
349,2022-08-17,Panipuri,Fastfood,20,5,100,Cash,Female,Evening,Aug,2022,Aug 2022
350,2022-09-21,Cold coffee,Beverages,40,8,320,Online,Female,Morning,Sep,2022,Sep 2022
351,2022-07-08,Frankie,Fastfood,50,5,250,Online,Female,Night,Jul,2022,Jul 2022
352,2022-05-25,Frankie,Fastfood,50,11,550,Cash,Female,Night,May,2022,May 2022
353,2022-05-18,Vadapav,Fastfood,20,4,80,Online,Female,Midnight,May,2022,May 2022
354,2023-01-16,Panipuri,Fastfood,20,14,280,Online,Male,Midnight,Jan,2023,Jan 2023
355,2023-03-15,Cold coffee,Beverages,40,4,160,Online,Male,Midnight,Mar,2023,Mar 2023
356,2022-05-26,Sugarcane juice,Beverages,25,14,350,Cash,Female,Night,May,2022,May 2022
357,2022-09-21,Sandwich,Fastfood,60,9,540,Online,Female,Afternoon,Sep,2022,Sep 2022
358,2022-10-27,Aalopuri,Fastfood,20,6,120,Cash,Male,Night,Oct,2022,Oct 2022
359,2022-08-27,Aalopuri,Fastfood,20,13,260,Online,Female,Night,Aug,2022,Aug 2022
360,2022-10-06,Cold coffee,Beverages,40,2,80,Online,Female,Midnight,Oct,2022,Oct 2022
361,2022-06-30,Sandwich,Fastfood,60,15,900,not available,Female,Night,Jun,2022,Jun 2022
362,2022-12-30,Sugarcane juice,Beverages,25,2,50,Cash,Male,Morning,Dec,2022,Dec 2022
363,2022-05-09,Frankie,Fastfood,50,9,450,Online,Male,Afternoon,May,2022,May 2022
364,2022-10-11,Cold coffee,Beverages,40,2,80,Online,Male,Night,Oct,2022,Oct 2022
365,2022-07-08,Panipuri,Fastfood,20,10,200,Online,Male,Night,Jul,2022,Jul 2022
366,2022-11-30,Sugarcane juice,Beverages,25,10,250,Online,Female,Afternoon,Nov,2022,Nov 2022
367,2022-08-10,Panipuri,Fastfood,20,6,120,not available,Male,Afternoon,Aug,2022,Aug 2022
368,2022-08-31,Cold coffee,Beverages,40,2,80,Cash,Male,Night,Aug,2022,Aug 2022
369,2022-07-03,Sandwich,Fastfood,60,2,120,Online,Female,Evening,Jul,2022,Jul 2022
370,2022-05-28,Panipuri,Fastfood,20,5,100,not available,Female,Midnight,May,2022,May 2022
371,2022-10-18,Vadapav,Fastfood,20,5,100,Online,Female,Night,Oct,2022,Oct 2022
372,2022-11-19,Frankie,Fastfood,50,12,600,not available,Male,Morning,Nov,2022,Nov 2022
373,2022-05-08,Sugarcane juice,Beverages,25,12,300,Cash,Female,Midnight,May,2022,May 2022
374,2022-07-24,Frankie,Fastfood,50,10,500,Online,Male,Midnight,Jul,2022,Jul 2022
375,2022-11-17,Panipuri,Fastfood,20,13,260,Cash,Male,Evening,Nov,2022,Nov 2022
376,2022-12-04,Frankie,Fastfood,50,15,750,Cash,Male,Midnight,Dec,2022,Dec 2022
377,2022-05-20,Sugarcane juice,Beverages,25,3,75,Online,Female,Evening,May,2022,May 2022
378,2022-04-24,Vadapav,Fastfood,20,2,40,Cash,Female,Midnight,Apr,2022,Apr 2022
379,2023-02-15,Cold coffee,Beverages,40,14,560,not available,Male,Afternoon,Feb,2023,Feb 2023
380,2022-10-20,Sandwich,Fastfood,60,5,300,Online,Female,Afternoon,Oct,2022,Oct 2022
381,2023-02-26,Vadapav,Fastfood,20,1,20,Online,Male,Morning,Feb,2023,Feb 2023
382,2022-08-16,Cold coffee,Beverages,40,9,360,Cash,Female,Night,Aug,2022,Aug 2022
383,2022-05-06,Aalopuri,Fastfood,20,7,140,Online,Female,Morning,May,2022,May 2022
384,2022-10-22,Sugarcane juice,Beverages,25,1,25,Online,Male,Afternoon,Oct,2022,Oct 2022
385,2022-04-25,Vadapav,Fastfood,20,5,100,Cash,Male,Morning,Apr,2022,Apr 2022
386,2022-11-23,Frankie,Fastfood,50,5,250,Online,Male,Midnight,Nov,2022,Nov 2022
387,2023-03-17,Sugarcane juice,Beverages,25,14,350,Cash,Female,Midnight,Mar,2023,Mar 2023
388,2022-10-09,Sandwich,Fastfood,60,14,840,Cash,Male,Evening,Oct,2022,Oct 2022
389,2022-12-22,Sandwich,Fastfood,60,12,720,Cash,Female,Evening,Dec,2022,Dec 2022
390,2022-06-18,Sugarcane juice,Beverages,25,5,125,not available,Male,Midnight,Jun,2022,Jun 2022
391,2022-04-21,Aalopuri,Fastfood,20,1,20,Online,Female,Night,Apr,2022,Apr 2022
392,2022-09-18,Aalopuri,Fastfood,20,15,300,Online,Male,Night,Sep,2022,Sep 2022
393,2022-07-02,Sugarcane juice,Beverages,25,10,250,Online,Female,Evening,Jul,2022,Jul 2022
394,2022-04-03,Sandwich,Fastfood,60,1,60,Cash,Female,Morning,Apr,2022,Apr 2022
395,2023-01-31,Sandwich,Fastfood,60,3,180,Cash,Female,Evening,Jan,2023,Jan 2023
396,2022-10-31,Frankie,Fastfood,50,15,750,Online,Male,Morning,Oct,2022,Oct 2022
397,2022-07-06,Aalopuri,Fastfood,20,2,40,Online,Female,Afternoon,Jul,2022,Jul 2022
398,2023-01-13,Panipuri,Fastfood,20,6,120,Online,Male,Evening,Jan,2023,Jan 2023
399,2022-06-24,Panipuri,Fastfood,20,9,180,Cash,Female,Evening,Jun,2022,Jun 2022
400,2023-03-04,Cold coffee,Beverages,40,15,600,Cash,Female,Morning,Mar,2023,Mar 2023
401,2022-10-11,Sugarcane juice,Beverages,25,8,200,Online,Female,Midnight,Oct,2022,Oct 2022
402,2023-03-19,Frankie,Fastfood,50,7,350,Cash,Male,Night,Mar,2023,Mar 2023
403,2022-09-25,Cold coffee,Beverages,40,3,120,Online,Female,Midnight,Sep,2022,Sep 2022
404,2022-11-26,Frankie,Fastfood,50,7,350,Cash,Female,Midnight,Nov,2022,Nov 2022
405,2022-12-13,Sugarcane juice,Beverages,25,10,250,Cash,Male,Night,Dec,2022,Dec 2022
406,2022-10-13,Cold coffee,Beverages,40,4,160,Online,Female,Afternoon,Oct,2022,Oct 2022
407,2023-01-02,Sugarcane juice,Beverages,25,2,50,Cash,Male,Evening,Jan,2023,Jan 2023
408,2022-10-05,Vadapav,Fastfood,20,4,80,Online,Male,Midnight,Oct,2022,Oct 2022
409,2022-09-15,Aalopuri,Fastfood,20,9,180,Cash,Female,Morning,Sep,2022,Sep 2022
410,2022-11-23,Aalopuri,Fastfood,20,15,300,Online,Male,Afternoon,Nov,2022,Nov 2022
411,2022-11-20,Panipuri,Fastfood,20,12,240,Cash,Male,Afternoon,Nov,2022,Nov 2022
412,2023-03-09,Sugarcane juice,Beverages,25,14,350,not available,Male,Afternoon,Mar,2023,Mar 2023
413,2022-04-03,Aalopuri,Fastfood,20,10,200,Online,Female,Midnight,Apr,2022,Apr 2022
414,2023-01-21,Cold coffee,Beverages,40,13,520,not available,Male,Night,Jan,2023,Jan 2023
415,2022-12-05,Vadapav,Fastfood,20,8,160,Online,Male,Evening,Dec,2022,Dec 2022
416,2022-08-05,Sandwich,Fastfood,60,9,540,not available,Male,Morning,Aug,2022,Aug 2022
417,2023-01-16,Panipuri,Fastfood,20,3,60,Cash,Male,Evening,Jan,2023,Jan 2023
418,2022-11-12,Cold coffee,Beverages,40,7,280,Online,Male,Night,Nov,2022,Nov 2022
419,2022-10-08,Sugarcane juice,Beverages,25,14,350,not available,Female,Midnight,Oct,2022,Oct 2022
420,2023-01-30,Frankie,Fastfood,50,13,650,Online,Female,Evening,Jan,2023,Jan 2023
421,2023-03-24,Cold coffee,Beverages,40,2,80,Online,Male,Midnight,Mar,2023,Mar 2023
422,2022-08-02,Cold coffee,Beverages,40,7,280,Online,Male,Evening,Aug,2022,Aug 2022
423,2022-10-21,Frankie,Fastfood,50,7,350,Cash,Female,Night,Oct,2022,Oct 2022
424,2022-04-21,Sugarcane juice,Beverages,25,9,225,Online,Female,Midnight,Apr,2022,Apr 2022
425,2022-08-17,Panipuri,Fastfood,20,14,280,Online,Male,Afternoon,Aug,2022,Aug 2022
426,2023-01-20,Frankie,Fastfood,50,14,700,Cash,Male,Midnight,Jan,2023,Jan 2023
427,2022-05-21,Sandwich,Fastfood,60,2,120,Online,Male,Afternoon,May,2022,May 2022
428,2022-12-24,Sugarcane juice,Beverages,25,8,200,Online,Male,Afternoon,Dec,2022,Dec 2022
429,2022-09-19,Cold coffee,Beverages,40,3,120,Online,Male,Night,Sep,2022,Sep 2022
430,2022-11-05,Sandwich,Fastfood,60,4,240,Online,Male,Night,Nov,2022,Nov 2022
431,2023-03-16,Panipuri,Fastfood,20,6,120,Online,Male,Evening,Mar,2023,Mar 2023
432,2023-03-27,Panipuri,Fastfood,20,6,120,Online,Male,Afternoon,Mar,2023,Mar 2023
433,2022-05-27,Panipuri,Fastfood,20,14,280,Online,Female,Evening,May,2022,May 2022
434,2022-08-21,Aalopuri,Fastfood,20,12,240,Cash,Male,Morning,Aug,2022,Aug 2022
435,2022-05-08,Sandwich,Fastfood,60,1,60,Cash,Female,Afternoon,May,2022,May 2022
436,2023-01-05,Frankie,Fastfood,50,10,500,Cash,Male,Midnight,Jan,2023,Jan 2023
437,2022-08-31,Cold coffee,Beverages,40,1,40,not available,Male,Morning,Aug,2022,Aug 2022
438,2022-06-20,Cold coffee,Beverages,40,5,200,Online,Male,Morning,Jun,2022,Jun 2022
439,2022-09-30,Frankie,Fastfood,50,13,650,Online,Male,Afternoon,Sep,2022,Sep 2022
440,2022-11-28,Aalopuri,Fastfood,20,7,140,Cash,Male,Afternoon,Nov,2022,Nov 2022
441,2022-11-02,Aalopuri,Fastfood,20,1,20,Online,Female,Midnight,Nov,2022,Nov 2022
442,2022-08-22,Sugarcane juice,Beverages,25,7,175,Online,Female,Night,Aug,2022,Aug 2022
443,2022-09-05,Sugarcane juice,Beverages,25,12,300,Cash,Female,Night,Sep,2022,Sep 2022
444,2022-09-28,Frankie,Fastfood,50,4,200,not available,Male,Evening,Sep,2022,Sep 2022
445,2022-10-22,Sandwich,Fastfood,60,14,840,Online,Female,Morning,Oct,2022,Oct 2022
446,2022-08-31,Cold coffee,Beverages,40,9,360,Cash,Male,Night,Aug,2022,Aug 2022
447,2023-01-17,Frankie,Fastfood,50,6,300,Online,Female,Afternoon,Jan,2023,Jan 2023
448,2022-07-27,Vadapav,Fastfood,20,6,120,Cash,Female,Evening,Jul,2022,Jul 2022
449,2022-09-09,Frankie,Fastfood,50,4,200,Cash,Male,Afternoon,Sep,2022,Sep 2022
450,2022-05-20,Sugarcane juice,Beverages,25,1,25,Online,Male,Morning,May,2022,May 2022
451,2023-03-15,Sugarcane juice,Beverages,25,10,250,Cash,Female,Midnight,Mar,2023,Mar 2023
452,2022-12-25,Frankie,Fastfood,50,5,250,Online,Male,Afternoon,Dec,2022,Dec 2022
453,2022-10-20,Sandwich,Fastfood,60,1,60,Online,Female,Midnight,Oct,2022,Oct 2022
454,2023-03-07,Sandwich,Fastfood,60,1,60,Online,Female,Evening,Mar,2023,Mar 2023
455,2023-03-01,Cold coffee,Beverages,40,11,440,Cash,Male,Midnight,Mar,2023,Mar 2023
456,2022-12-31,Cold coffee,Beverages,40,13,520,not available,Female,Night,Dec,2022,Dec 2022
457,2022-10-16,Cold coffee,Beverages,40,11,440,Cash,Male,Evening,Oct,2022,Oct 2022
458,2022-09-12,Sugarcane juice,Beverages,25,8,200,Cash,Female,Midnight,Sep,2022,Sep 2022
459,2022-06-08,Vadapav,Fastfood,20,14,280,Cash,Male,Night,Jun,2022,Jun 2022
460,2022-11-20,Aalopuri,Fastfood,20,2,40,Cash,Male,Morning,Nov,2022,Nov 2022
461,2022-07-22,Sugarcane juice,Beverages,25,5,125,Cash,Male,Midnight,Jul,2022,Jul 2022
462,2022-04-24,Vadapav,Fastfood,20,3,60,Cash,Male,Morning,Apr,2022,Apr 2022
463,2022-06-11,Sandwich,Fastfood,60,6,360,Online,Male,Midnight,Jun,2022,Jun 2022
464,2022-10-18,Sugarcane juice,Beverages,25,13,325,Cash,Male,Morning,Oct,2022,Oct 2022
465,2023-01-15,Sugarcane juice,Beverages,25,12,300,Online,Male,Evening,Jan,2023,Jan 2023
466,2023-01-11,Panipuri,Fastfood,20,6,120,Cash,Male,Evening,Jan,2023,Jan 2023
467,2022-10-17,Aalopuri,Fastfood,20,11,220,Online,Male,Morning,Oct,2022,Oct 2022
468,2022-09-08,Panipuri,Fastfood,20,2,40,Cash,Male,Evening,Sep,2022,Sep 2022
469,2022-05-15,Sandwich,Fastfood,60,7,420,Online,Female,Morning,May,2022,May 2022
470,2022-09-29,Vadapav,Fastfood,20,8,160,Cash,Female,Morning,Sep,2022,Sep 2022
471,2023-02-13,Panipuri,Fastfood,20,7,140,Cash,Female,Afternoon,Feb,2023,Feb 2023
472,2023-01-11,Panipuri,Fastfood,20,10,200,not available,Male,Midnight,Jan,2023,Jan 2023
473,2022-09-04,Sandwich,Fastfood,60,5,300,Cash,Female,Evening,Sep,2022,Sep 2022
474,2022-08-28,Sugarcane juice,Beverages,25,15,375,Cash,Female,Night,Aug,2022,Aug 2022
475,2023-02-24,Cold coffee,Beverages,40,6,240,Cash,Female,Night,Feb,2023,Feb 2023
476,2023-02-02,Aalopuri,Fastfood,20,10,200,Cash,Male,Morning,Feb,2023,Feb 2023
477,2023-02-13,Sandwich,Fastfood,60,15,900,Cash,Female,Midnight,Feb,2023,Feb 2023
478,2022-12-27,Sugarcane juice,Beverages,25,9,225,Cash,Female,Afternoon,Dec,2022,Dec 2022
479,2023-02-13,Sandwich,Fastfood,60,11,660,Cash,Female,Afternoon,Feb,2023,Feb 2023
480,2022-10-02,Vadapav,Fastfood,20,12,240,Cash,Male,Evening,Oct,2022,Oct 2022
481,2022-10-29,Sugarcane juice,Beverages,25,4,100,Cash,Male,Evening,Oct,2022,Oct 2022
482,2023-01-31,Aalopuri,Fastfood,20,1,20,Online,Male,Afternoon,Jan,2023,Jan 2023
483,2022-04-27,Panipuri,Fastfood,20,9,180,Cash,Female,Morning,Apr,2022,Apr 2022
484,2023-03-21,Cold coffee,Beverages,40,5,200,Cash,Female,Afternoon,Mar,2023,Mar 2023
485,2023-02-26,Aalopuri,Fastfood,20,6,120,Cash,Female,Midnight,Feb,2023,Feb 2023
486,2023-02-14,Vadapav,Fastfood,20,6,120,Cash,Female,Midnight,Feb,2023,Feb 2023
487,2022-05-27,Sandwich,Fastfood,60,9,540,Cash,Female,Midnight,May,2022,May 2022
488,2022-09-21,Cold coffee,Beverages,40,10,400,Cash,Male,Midnight,Sep,2022,Sep 2022
489,2023-02-03,Frankie,Fastfood,50,13,650,Online,Female,Evening,Feb,2023,Feb 2023
490,2022-12-26,Cold coffee,Beverages,40,8,320,Cash,Male,Morning,Dec,2022,Dec 2022
491,2022-05-31,Vadapav,Fastfood,20,2,40,Online,Female,Midnight,May,2022,May 2022
492,2022-07-11,Sandwich,Fastfood,60,15,900,Cash,Male,Afternoon,Jul,2022,Jul 2022
493,2022-10-02,Cold coffee,Beverages,40,2,80,Online,Male,Morning,Oct,2022,Oct 2022
494,2023-01-14,Cold coffee,Beverages,40,10,400,Cash,Female,Night,Jan,2023,Jan 2023
495,2022-10-20,Aalopuri,Fastfood,20,13,260,Online,Female,Midnight,Oct,2022,Oct 2022
496,2022-11-07,Cold coffee,Beverages,40,10,400,Online,Female,Night,Nov,2022,Nov 2022
497,2023-01-25,Sandwich,Fastfood,60,7,420,Cash,Male,Midnight,Jan,2023,Jan 2023
498,2022-06-16,Frankie,Fastfood,50,1,50,Cash,Male,Midnight,Jun,2022,Jun 2022
499,2022-07-27,Sandwich,Fastfood,60,8,480,Online,Female,Evening,Jul,2022,Jul 2022
500,2022-04-08,Vadapav,Fastfood,20,4,80,Online,Female,Midnight,Apr,2022,Apr 2022
501,2022-08-09,Sugarcane juice,Beverages,25,14,350,Online,Female,Afternoon,Aug,2022,Aug 2022
502,2023-01-04,Panipuri,Fastfood,20,13,260,Online,Male,Night,Jan,2023,Jan 2023
503,2022-11-04,Aalopuri,Fastfood,20,13,260,Cash,Female,Morning,Nov,2022,Nov 2022
504,2022-12-09,Cold coffee,Beverages,40,8,320,Cash,Male,Evening,Dec,2022,Dec 2022
505,2023-02-12,Frankie,Fastfood,50,4,200,Cash,Male,Night,Feb,2023,Feb 2023
506,2022-12-26,Cold coffee,Beverages,40,12,480,Cash,Female,Midnight,Dec,2022,Dec 2022
507,2022-12-14,Aalopuri,Fastfood,20,14,280,Online,Female,Morning,Dec,2022,Dec 2022
508,2022-12-10,Sandwich,Fastfood,60,1,60,Cash,Male,Night,Dec,2022,Dec 2022
509,2022-10-26,Vadapav,Fastfood,20,11,220,Online,Male,Evening,Oct,2022,Oct 2022
510,2022-04-04,Sandwich,Fastfood,60,14,840,Online,Male,Afternoon,Apr,2022,Apr 2022
511,2022-08-02,Panipuri,Fastfood,20,4,80,Cash,Female,Night,Aug,2022,Aug 2022
512,2023-01-11,Panipuri,Fastfood,20,3,60,Cash,Female,Afternoon,Jan,2023,Jan 2023
513,2022-07-16,Cold coffee,Beverages,40,5,200,Cash,Female,Night,Jul,2022,Jul 2022
514,2022-08-24,Cold coffee,Beverages,40,8,320,Online,Female,Evening,Aug,2022,Aug 2022
515,2022-11-02,Sandwich,Fastfood,60,7,420,not available,Female,Night,Nov,2022,Nov 2022
516,2022-09-22,Sugarcane juice,Beverages,25,12,300,Online,Female,Midnight,Sep,2022,Sep 2022
517,2022-07-02,Panipuri,Fastfood,20,13,260,Online,Male,Evening,Jul,2022,Jul 2022
518,2022-12-09,Aalopuri,Fastfood,20,6,120,Cash,Female,Morning,Dec,2022,Dec 2022
519,2022-11-25,Cold coffee,Beverages,40,10,400,Cash,Male,Morning,Nov,2022,Nov 2022
520,2022-04-03,Panipuri,Fastfood,20,11,220,Online,Female,Night,Apr,2022,Apr 2022
521,2023-01-27,Panipuri,Fastfood,20,14,280,Online,Male,Morning,Jan,2023,Jan 2023
522,2022-12-29,Panipuri,Fastfood,20,13,260,Cash,Female,Midnight,Dec,2022,Dec 2022
523,2022-11-03,Frankie,Fastfood,50,6,300,Cash,Male,Afternoon,Nov,2022,Nov 2022
524,2022-05-01,Aalopuri,Fastfood,20,13,260,Online,Male,Afternoon,May,2022,May 2022
525,2022-05-04,Vadapav,Fastfood,20,3,60,Cash,Male,Midnight,May,2022,May 2022
526,2022-07-04,Sandwich,Fastfood,60,10,600,Cash,Female,Evening,Jul,2022,Jul 2022
527,2023-01-06,Sugarcane juice,Beverages,25,6,150,Cash,Female,Afternoon,Jan,2023,Jan 2023
528,2022-07-01,Sugarcane juice,Beverages,25,7,175,Cash,Female,Midnight,Jul,2022,Jul 2022
529,2022-05-15,Aalopuri,Fastfood,20,12,240,not available,Female,Afternoon,May,2022,May 2022
530,2022-07-27,Panipuri,Fastfood,20,6,120,Cash,Female,Night,Jul,2022,Jul 2022
531,2022-10-04,Cold coffee,Beverages,40,10,400,Cash,Male,Night,Oct,2022,Oct 2022
532,2023-03-27,Panipuri,Fastfood,20,13,260,Online,Female,Midnight,Mar,2023,Mar 2023
533,2023-02-05,Frankie,Fastfood,50,2,100,not available,Female,Night,Feb,2023,Feb 2023
534,2022-05-16,Vadapav,Fastfood,20,2,40,Online,Female,Night,May,2022,May 2022
535,2022-09-05,Sandwich,Fastfood,60,4,240,Online,Male,Midnight,Sep,2022,Sep 2022
536,2023-03-01,Sugarcane juice,Beverages,25,7,175,Cash,Female,Evening,Mar,2023,Mar 2023
537,2023-01-25,Panipuri,Fastfood,20,3,60,Cash,Male,Evening,Jan,2023,Jan 2023
538,2022-06-05,Panipuri,Fastfood,20,7,140,Online,Male,Morning,Jun,2022,Jun 2022
539,2022-09-07,Panipuri,Fastfood,20,3,60,Online,Male,Evening,Sep,2022,Sep 2022
540,2022-05-27,Vadapav,Fastfood,20,13,260,Cash,Male,Afternoon,May,2022,May 2022
541,2022-07-30,Panipuri,Fastfood,20,12,240,Cash,Male,Night,Jul,2022,Jul 2022
542,2022-08-04,Sugarcane juice,Beverages,25,9,225,Cash,Male,Evening,Aug,2022,Aug 2022
543,2022-04-10,Aalopuri,Fastfood,20,15,300,Cash,Female,Evening,Apr,2022,Apr 2022
544,2022-12-14,Sandwich,Fastfood,60,15,900,Online,Female,Morning,Dec,2022,Dec 2022
545,2023-01-01,Sandwich,Fastfood,60,13,780,Online,Female,Midnight,Jan,2023,Jan 2023
546,2022-07-09,Aalopuri,Fastfood,20,1,20,Cash,Female,Midnight,Jul,2022,Jul 2022
547,2022-05-14,Cold coffee,Beverages,40,10,400,Online,Male,Morning,May,2022,May 2022
548,2023-03-29,Cold coffee,Beverages,40,14,560,Cash,Male,Afternoon,Mar,2023,Mar 2023
549,2022-04-15,Sugarcane juice,Beverages,25,3,75,Online,Male,Afternoon,Apr,2022,Apr 2022
550,2022-11-15,Cold coffee,Beverages,40,15,600,Online,Male,Afternoon,Nov,2022,Nov 2022
551,2022-07-30,Sugarcane juice,Beverages,25,7,175,Cash,Male,Evening,Jul,2022,Jul 2022
552,2022-09-12,Sugarcane juice,Beverages,25,15,375,Cash,Female,Midnight,Sep,2022,Sep 2022
553,2022-11-11,Panipuri,Fastfood,20,14,280,Cash,Male,Evening,Nov,2022,Nov 2022
554,2023-03-09,Panipuri,Fastfood,20,4,80,Cash,Female,Afternoon,Mar,2023,Mar 2023
555,2022-04-16,Sandwich,Fastfood,60,6,360,Cash,Female,Evening,Apr,2022,Apr 2022
556,2023-02-27,Vadapav,Fastfood,20,9,180,Cash,Female,Night,Feb,2023,Feb 2023
557,2022-06-30,Sandwich,Fastfood,60,2,120,Cash,Female,Evening,Jun,2022,Jun 2022
558,2022-10-01,Panipuri,Fastfood,20,5,100,Online,Male,Morning,Oct,2022,Oct 2022
559,2022-08-31,Cold coffee,Beverages,40,5,200,Online,Female,Night,Aug,2022,Aug 2022
560,2022-12-10,Sugarcane juice,Beverages,25,1,25,Cash,Male,Evening,Dec,2022,Dec 2022
561,2022-06-13,Panipuri,Fastfood,20,1,20,Cash,Female,Midnight,Jun,2022,Jun 2022
562,2022-08-09,Frankie,Fastfood,50,4,200,Cash,Male,Afternoon,Aug,2022,Aug 2022
563,2022-10-13,Frankie,Fastfood,50,7,350,Online,Female,Evening,Oct,2022,Oct 2022
564,2022-09-27,Cold coffee,Beverages,40,2,80,not available,Male,Morning,Sep,2022,Sep 2022
565,2022-09-27,Panipuri,Fastfood,20,15,300,Cash,Male,Evening,Sep,2022,Sep 2022
566,2022-07-19,Frankie,Fastfood,50,3,150,Cash,Male,Evening,Jul,2022,Jul 2022
567,2022-10-16,Cold coffee,Beverages,40,7,280,Online,Female,Afternoon,Oct,2022,Oct 2022
568,2022-12-29,Panipuri,Fastfood,20,12,240,not available,Female,Afternoon,Dec,2022,Dec 2022
569,2023-01-02,Cold coffee,Beverages,40,15,600,Online,Female,Midnight,Jan,2023,Jan 2023
570,2022-09-15,Sugarcane juice,Beverages,25,4,100,Cash,Male,Morning,Sep,2022,Sep 2022
571,2022-11-28,Sugarcane juice,Beverages,25,1,25,Cash,Female,Evening,Nov,2022,Nov 2022
572,2022-04-02,Sandwich,Fastfood,60,15,900,Cash,Male,Afternoon,Apr,2022,Apr 2022
573,2022-09-07,Frankie,Fastfood,50,2,100,Cash,Male,Afternoon,Sep,2022,Sep 2022
574,2022-10-22,Aalopuri,Fastfood,20,1,20,Cash,Female,Night,Oct,2022,Oct 2022
575,2022-12-24,Vadapav,Fastfood,20,1,20,Online,Female,Midnight,Dec,2022,Dec 2022
576,2023-03-23,Panipuri,Fastfood,20,12,240,Cash,Female,Afternoon,Mar,2023,Mar 2023
577,2022-09-06,Cold coffee,Beverages,40,7,280,Cash,Male,Evening,Sep,2022,Sep 2022
578,2022-06-30,Frankie,Fastfood,50,5,250,Online,Female,Night,Jun,2022,Jun 2022
579,2022-04-27,Panipuri,Fastfood,20,2,40,Cash,Male,Evening,Apr,2022,Apr 2022
580,2022-07-01,Panipuri,Fastfood,20,10,200,Online,Male,Night,Jul,2022,Jul 2022
581,2022-04-23,Sugarcane juice,Beverages,25,13,325,Cash,Male,Afternoon,Apr,2022,Apr 2022
582,2022-05-12,Aalopuri,Fastfood,20,13,260,Cash,Male,Morning,May,2022,May 2022
583,2022-05-31,Frankie,Fastfood,50,8,400,Cash,Male,Night,May,2022,May 2022
584,2022-12-04,Cold coffee,Beverages,40,15,600,Cash,Male,Morning,Dec,2022,Dec 2022
585,2023-03-05,Vadapav,Fastfood,20,11,220,Cash,Female,Morning,Mar,2023,Mar 2023
586,2022-05-22,Sandwich,Fastfood,60,15,900,Online,Male,Night,May,2022,May 2022
587,2022-04-09,Aalopuri,Fastfood,20,10,200,Cash,Female,Night,Apr,2022,Apr 2022
588,2022-06-16,Frankie,Fastfood,50,11,550,Cash,Female,Morning,Jun,2022,Jun 2022
589,2022-08-25,Cold coffee,Beverages,40,5,200,Cash,Male,Night,Aug,2022,Aug 2022
590,2023-03-27,Panipuri,Fastfood,20,15,300,Online,Male,Midnight,Mar,2023,Mar 2023
591,2022-10-01,Sandwich,Fastfood,60,13,780,Cash,Female,Morning,Oct,2022,Oct 2022
592,2022-12-04,Sugarcane juice,Beverages,25,7,175,Cash,Male,Morning,Dec,2022,Dec 2022
593,2023-02-16,Sugarcane juice,Beverages,25,9,225,Cash,Female,Evening,Feb,2023,Feb 2023
594,2023-01-20,Frankie,Fastfood,50,6,300,Cash,Female,Morning,Jan,2023,Jan 2023
595,2023-02-22,Frankie,Fastfood,50,9,450,Online,Male,Afternoon,Feb,2023,Feb 2023
596,2022-04-26,Cold coffee,Beverages,40,1,40,Online,Female,Night,Apr,2022,Apr 2022
597,2022-11-30,Panipuri,Fastfood,20,10,200,Online,Male,Midnight,Nov,2022,Nov 2022
598,2022-08-02,Cold coffee,Beverages,40,8,320,Cash,Female,Afternoon,Aug,2022,Aug 2022
599,2022-10-03,Frankie,Fastfood,50,13,650,Cash,Male,Morning,Oct,2022,Oct 2022
600,2022-12-24,Panipuri,Fastfood,20,6,120,Cash,Female,Morning,Dec,2022,Dec 2022
601,2022-11-01,Aalopuri,Fastfood,20,12,240,Online,Male,Morning,Nov,2022,Nov 2022
602,2022-08-27,Aalopuri,Fastfood,20,10,200,Cash,Male,Night,Aug,2022,Aug 2022
603,2022-08-31,Vadapav,Fastfood,20,10,200,Cash,Female,Afternoon,Aug,2022,Aug 2022
604,2022-09-08,Frankie,Fastfood,50,10,500,Cash,Female,Night,Sep,2022,Sep 2022
605,2022-04-04,Cold coffee,Beverages,40,15,600,not available,Female,Afternoon,Apr,2022,Apr 2022
606,2022-04-09,Cold coffee,Beverages,40,6,240,Cash,Female,Night,Apr,2022,Apr 2022
607,2022-12-15,Vadapav,Fastfood,20,9,180,Cash,Female,Afternoon,Dec,2022,Dec 2022
608,2023-02-28,Aalopuri,Fastfood,20,1,20,Online,Male,Midnight,Feb,2023,Feb 2023
609,2023-02-07,Aalopuri,Fastfood,20,14,280,not available,Male,Midnight,Feb,2023,Feb 2023
610,2022-05-08,Frankie,Fastfood,50,13,650,Online,Female,Evening,May,2022,May 2022
611,2022-06-25,Aalopuri,Fastfood,20,2,40,Online,Female,Morning,Jun,2022,Jun 2022
612,2023-02-06,Aalopuri,Fastfood,20,3,60,Online,Male,Midnight,Feb,2023,Feb 2023
613,2022-06-10,Vadapav,Fastfood,20,5,100,Online,Female,Night,Jun,2022,Jun 2022
614,2022-12-19,Vadapav,Fastfood,20,2,40,not available,Male,Morning,Dec,2022,Dec 2022
615,2022-08-14,Sandwich,Fastfood,60,14,840,not available,Male,Morning,Aug,2022,Aug 2022
616,2022-07-15,Vadapav,Fastfood,20,6,120,Online,Female,Midnight,Jul,2022,Jul 2022
617,2022-06-28,Sugarcane juice,Beverages,25,2,50,Cash,Male,Night,Jun,2022,Jun 2022
618,2022-04-08,Frankie,Fastfood,50,1,50,Online,Male,Evening,Apr,2022,Apr 2022
619,2022-09-09,Sugarcane juice,Beverages,25,4,100,Cash,Female,Morning,Sep,2022,Sep 2022
620,2022-09-14,Panipuri,Fastfood,20,12,240,Online,Female,Evening,Sep,2022,Sep 2022
621,2023-02-13,Aalopuri,Fastfood,20,2,40,Online,Female,Evening,Feb,2023,Feb 2023
622,2022-12-14,Panipuri,Fastfood,20,13,260,Online,Male,Afternoon,Dec,2022,Dec 2022
623,2022-04-02,Cold coffee,Beverages,40,15,600,Cash,Male,Midnight,Apr,2022,Apr 2022
624,2023-03-08,Sandwich,Fastfood,60,9,540,Cash,Female,Morning,Mar,2023,Mar 2023
625,2022-06-17,Sandwich,Fastfood,60,15,900,Online,Male,Morning,Jun,2022,Jun 2022
626,2023-02-01,Cold coffee,Beverages,40,15,600,Cash,Male,Night,Feb,2023,Feb 2023
627,2022-06-22,Sugarcane juice,Beverages,25,15,375,Online,Male,Afternoon,Jun,2022,Jun 2022
628,2022-05-02,Cold coffee,Beverages,40,10,400,not available,Female,Night,May,2022,May 2022
629,2023-01-20,Sugarcane juice,Beverages,25,9,225,Cash,Female,Evening,Jan,2023,Jan 2023
630,2022-05-27,Frankie,Fastfood,50,7,350,not available,Female,Morning,May,2022,May 2022
631,2022-07-01,Cold coffee,Beverages,40,13,520,Cash,Female,Evening,Jul,2022,Jul 2022
632,2022-10-28,Panipuri,Fastfood,20,9,180,Online,Female,Night,Oct,2022,Oct 2022
633,2022-05-24,Cold coffee,Beverages,40,3,120,Online,Male,Evening,May,2022,May 2022
634,2022-07-26,Panipuri,Fastfood,20,13,260,Cash,Male,Afternoon,Jul,2022,Jul 2022
635,2023-02-06,Vadapav,Fastfood,20,15,300,Online,Female,Night,Feb,2023,Feb 2023
636,2022-04-26,Cold coffee,Beverages,40,12,480,not available,Male,Morning,Apr,2022,Apr 2022
637,2022-05-14,Aalopuri,Fastfood,20,7,140,Cash,Male,Midnight,May,2022,May 2022
638,2022-08-20,Cold coffee,Beverages,40,11,440,Online,Female,Afternoon,Aug,2022,Aug 2022
639,2023-01-26,Vadapav,Fastfood,20,14,280,Cash,Female,Morning,Jan,2023,Jan 2023
640,2023-01-04,Sandwich,Fastfood,60,15,900,Online,Male,Night,Jan,2023,Jan 2023
641,2023-02-09,Vadapav,Fastfood,20,15,300,Cash,Male,Afternoon,Feb,2023,Feb 2023
642,2022-05-09,Cold coffee,Beverages,40,10,400,Online,Female,Morning,May,2022,May 2022
643,2022-10-20,Sugarcane juice,Beverages,25,2,50,Cash,Male,Afternoon,Oct,2022,Oct 2022
644,2023-02-03,Panipuri,Fastfood,20,5,100,Online,Female,Evening,Feb,2023,Feb 2023
645,2022-07-26,Sandwich,Fastfood,60,9,540,Cash,Female,Night,Jul,2022,Jul 2022
646,2022-08-30,Vadapav,Fastfood,20,14,280,Online,Female,Afternoon,Aug,2022,Aug 2022
647,2022-06-05,Vadapav,Fastfood,20,3,60,Cash,Male,Afternoon,Jun,2022,Jun 2022
648,2022-05-27,Sandwich,Fastfood,60,7,420,Cash,Male,Night,May,2022,May 2022
649,2022-11-05,Frankie,Fastfood,50,9,450,Cash,Male,Midnight,Nov,2022,Nov 2022
650,2022-04-07,Sandwich,Fastfood,60,13,780,Online,Female,Morning,Apr,2022,Apr 2022
651,2022-07-11,Sandwich,Fastfood,60,10,600,Online,Female,Midnight,Jul,2022,Jul 2022
652,2022-05-21,Cold coffee,Beverages,40,13,520,Online,Female,Afternoon,May,2022,May 2022
653,2022-05-30,Frankie,Fastfood,50,10,500,Online,Female,Midnight,May,2022,May 2022
654,2023-03-04,Vadapav,Fastfood,20,9,180,Cash,Female,Morning,Mar,2023,Mar 2023
655,2022-06-30,Sugarcane juice,Beverages,25,12,300,Online,Male,Morning,Jun,2022,Jun 2022
656,2022-11-28,Sandwich,Fastfood,60,6,360,Online,Female,Midnight,Nov,2022,Nov 2022
657,2023-01-10,Cold coffee,Beverages,40,7,280,not available,Male,Midnight,Jan,2023,Jan 2023
658,2022-10-10,Aalopuri,Fastfood,20,12,240,not available,Female,Afternoon,Oct,2022,Oct 2022
659,2023-01-21,Panipuri,Fastfood,20,2,40,Online,Male,Afternoon,Jan,2023,Jan 2023
660,2022-07-25,Sandwich,Fastfood,60,9,540,Cash,Female,Night,Jul,2022,Jul 2022
661,2022-10-11,Frankie,Fastfood,50,7,350,Online,Female,Midnight,Oct,2022,Oct 2022
662,2023-02-15,Panipuri,Fastfood,20,3,60,Online,Female,Afternoon,Feb,2023,Feb 2023
663,2023-02-05,Sugarcane juice,Beverages,25,1,25,Online,Male,Night,Feb,2023,Feb 2023
664,2022-10-31,Frankie,Fastfood,50,10,500,Online,Female,Morning,Oct,2022,Oct 2022
665,2022-05-06,Aalopuri,Fastfood,20,14,280,Online,Female,Evening,May,2022,May 2022
666,2023-01-25,Panipuri,Fastfood,20,9,180,Cash,Male,Evening,Jan,2023,Jan 2023
667,2022-09-28,Vadapav,Fastfood,20,3,60,Cash,Female,Evening,Sep,2022,Sep 2022
668,2022-05-11,Aalopuri,Fastfood,20,4,80,Online,Male,Morning,May,2022,May 2022
669,2023-03-18,Sandwich,Fastfood,60,11,660,Online,Male,Evening,Mar,2023,Mar 2023
670,2022-07-05,Panipuri,Fastfood,20,15,300,Cash,Male,Night,Jul,2022,Jul 2022
671,2022-10-09,Sandwich,Fastfood,60,2,120,Online,Male,Afternoon,Oct,2022,Oct 2022
672,2022-11-24,Cold coffee,Beverages,40,3,120,not available,Female,Evening,Nov,2022,Nov 2022
673,2022-09-17,Sandwich,Fastfood,60,12,720,Cash,Male,Midnight,Sep,2022,Sep 2022
674,2022-07-17,Sugarcane juice,Beverages,25,13,325,not available,Male,Morning,Jul,2022,Jul 2022
675,2022-04-17,Sandwich,Fastfood,60,12,720,Cash,Male,Night,Apr,2022,Apr 2022
676,2022-05-04,Frankie,Fastfood,50,7,350,Cash,Female,Evening,May,2022,May 2022
677,2022-05-19,Cold coffee,Beverages,40,3,120,Online,Female,Morning,May,2022,May 2022
678,2022-05-23,Aalopuri,Fastfood,20,3,60,Online,Male,Evening,May,2022,May 2022
679,2022-11-02,Sandwich,Fastfood,60,12,720,Online,Male,Morning,Nov,2022,Nov 2022
680,2022-04-20,Cold coffee,Beverages,40,4,160,Cash,Male,Night,Apr,2022,Apr 2022
681,2022-12-09,Frankie,Fastfood,50,9,450,Online,Female,Night,Dec,2022,Dec 2022
682,2022-10-11,Aalopuri,Fastfood,20,14,280,Online,Male,Midnight,Oct,2022,Oct 2022
683,2022-08-12,Frankie,Fastfood,50,15,750,Cash,Male,Midnight,Aug,2022,Aug 2022
684,2022-09-18,Vadapav,Fastfood,20,5,100,Cash,Male,Afternoon,Sep,2022,Sep 2022
685,2022-05-20,Aalopuri,Fastfood,20,3,60,Cash,Female,Afternoon,May,2022,May 2022
686,2022-11-25,Cold coffee,Beverages,40,5,200,Cash,Male,Afternoon,Nov,2022,Nov 2022
687,2022-12-18,Vadapav,Fastfood,20,10,200,Cash,Female,Midnight,Dec,2022,Dec 2022
688,2022-05-14,Frankie,Fastfood,50,5,250,Online,Male,Afternoon,May,2022,May 2022
689,2022-08-13,Vadapav,Fastfood,20,6,120,Cash,Female,Afternoon,Aug,2022,Aug 2022
690,2022-10-05,Vadapav,Fastfood,20,9,180,Cash,Female,Night,Oct,2022,Oct 2022
691,2022-04-01,Sandwich,Fastfood,60,7,420,Cash,Female,Evening,Apr,2022,Apr 2022
692,2023-01-13,Frankie,Fastfood,50,14,700,Online,Male,Afternoon,Jan,2023,Jan 2023
693,2022-11-29,Sugarcane juice,Beverages,25,13,325,Online,Female,Midnight,Nov,2022,Nov 2022
694,2022-04-22,Panipuri,Fastfood,20,14,280,Cash,Male,Midnight,Apr,2022,Apr 2022
695,2022-08-24,Panipuri,Fastfood,20,10,200,Online,Female,Midnight,Aug,2022,Aug 2022
696,2023-02-23,Sugarcane juice,Beverages,25,3,75,Online,Female,Evening,Feb,2023,Feb 2023
697,2022-05-05,Sugarcane juice,Beverages,25,5,125,Cash,Male,Midnight,May,2022,May 2022
698,2022-11-26,Panipuri,Fastfood,20,10,200,Online,Male,Night,Nov,2022,Nov 2022
699,2022-09-09,Cold coffee,Beverages,40,1,40,Online,Male,Evening,Sep,2022,Sep 2022
700,2022-11-15,Frankie,Fastfood,50,6,300,Cash,Female,Evening,Nov,2022,Nov 2022
701,2022-07-19,Sugarcane juice,Beverages,25,14,350,Online,Female,Evening,Jul,2022,Jul 2022
702,2023-03-25,Cold coffee,Beverages,40,13,520,Cash,Female,Afternoon,Mar,2023,Mar 2023
703,2022-11-01,Panipuri,Fastfood,20,10,200,Online,Female,Afternoon,Nov,2022,Nov 2022
704,2022-08-14,Sandwich,Fastfood,60,1,60,Online,Female,Evening,Aug,2022,Aug 2022
705,2022-10-07,Sandwich,Fastfood,60,6,360,Online,Male,Evening,Oct,2022,Oct 2022
706,2023-02-05,Frankie,Fastfood,50,8,400,Online,Male,Night,Feb,2023,Feb 2023
707,2022-12-16,Panipuri,Fastfood,20,2,40,Online,Male,Night,Dec,2022,Dec 2022
708,2023-03-15,Sandwich,Fastfood,60,5,300,Cash,Female,Midnight,Mar,2023,Mar 2023
709,2023-02-22,Cold coffee,Beverages,40,6,240,Cash,Male,Morning,Feb,2023,Feb 2023
710,2023-03-15,Sandwich,Fastfood,60,15,900,not available,Male,Night,Mar,2023,Mar 2023
711,2022-10-30,Aalopuri,Fastfood,20,3,60,Cash,Male,Afternoon,Oct,2022,Oct 2022
712,2022-12-17,Vadapav,Fastfood,20,3,60,Online,Female,Midnight,Dec,2022,Dec 2022
713,2022-12-02,Sugarcane juice,Beverages,25,14,350,Online,Female,Morning,Dec,2022,Dec 2022
714,2022-12-14,Sugarcane juice,Beverages,25,14,350,Cash,Male,Afternoon,Dec,2022,Dec 2022
715,2022-04-12,Sandwich,Fastfood,60,1,60,Online,Male,Morning,Apr,2022,Apr 2022
716,2022-12-03,Panipuri,Fastfood,20,9,180,Cash,Female,Midnight,Dec,2022,Dec 2022
717,2022-10-11,Sugarcane juice,Beverages,25,15,375,not available,Female,Evening,Oct,2022,Oct 2022
718,2022-12-28,Aalopuri,Fastfood,20,2,40,Online,Male,Afternoon,Dec,2022,Dec 2022
719,2022-05-09,Vadapav,Fastfood,20,15,300,Cash,Female,Midnight,May,2022,May 2022
720,2022-05-10,Frankie,Fastfood,50,14,700,Cash,Female,Morning,May,2022,May 2022
721,2022-08-13,Panipuri,Fastfood,20,12,240,not available,Male,Afternoon,Aug,2022,Aug 2022
722,2022-09-14,Vadapav,Fastfood,20,15,300,not available,Male,Midnight,Sep,2022,Sep 2022
723,2023-02-16,Cold coffee,Beverages,40,10,400,Online,Male,Evening,Feb,2023,Feb 2023
724,2022-06-27,Frankie,Fastfood,50,10,500,Cash,Female,Night,Jun,2022,Jun 2022
725,2022-07-04,Vadapav,Fastfood,20,6,120,Online,Female,Afternoon,Jul,2022,Jul 2022
726,2022-09-11,Panipuri,Fastfood,20,1,20,Online,Male,Morning,Sep,2022,Sep 2022
727,2022-08-25,Aalopuri,Fastfood,20,5,100,Cash,Female,Midnight,Aug,2022,Aug 2022
728,2022-08-03,Vadapav,Fastfood,20,1,20,Online,Male,Midnight,Aug,2022,Aug 2022
729,2022-11-24,Sandwich,Fastfood,60,7,420,Cash,Male,Night,Nov,2022,Nov 2022
730,2022-06-28,Frankie,Fastfood,50,13,650,Cash,Female,Afternoon,Jun,2022,Jun 2022
731,2023-03-09,Frankie,Fastfood,50,10,500,Cash,Female,Afternoon,Mar,2023,Mar 2023
732,2022-06-13,Panipuri,Fastfood,20,7,140,not available,Female,Midnight,Jun,2022,Jun 2022
733,2023-02-03,Frankie,Fastfood,50,10,500,Cash,Male,Evening,Feb,2023,Feb 2023
734,2022-10-07,Frankie,Fastfood,50,7,350,Cash,Male,Evening,Oct,2022,Oct 2022
735,2022-08-10,Panipuri,Fastfood,20,11,220,Cash,Male,Morning,Aug,2022,Aug 2022
736,2022-09-25,Panipuri,Fastfood,20,13,260,not available,Male,Afternoon,Sep,2022,Sep 2022
737,2022-09-20,Frankie,Fastfood,50,13,650,Online,Female,Night,Sep,2022,Sep 2022
738,2023-03-01,Sandwich,Fastfood,60,4,240,Online,Female,Morning,Mar,2023,Mar 2023
739,2022-06-06,Aalopuri,Fastfood,20,11,220,Online,Male,Night,Jun,2022,Jun 2022
740,2022-07-30,Aalopuri,Fastfood,20,9,180,Cash,Male,Midnight,Jul,2022,Jul 2022
741,2022-07-16,Aalopuri,Fastfood,20,5,100,Online,Male,Afternoon,Jul,2022,Jul 2022
742,2022-11-18,Panipuri,Fastfood,20,14,280,Online,Male,Night,Nov,2022,Nov 2022
743,2022-11-09,Panipuri,Fastfood,20,1,20,Cash,Male,Morning,Nov,2022,Nov 2022
744,2022-06-25,Frankie,Fastfood,50,10,500,Cash,Female,Morning,Jun,2022,Jun 2022
745,2022-09-11,Aalopuri,Fastfood,20,2,40,Online,Male,Evening,Sep,2022,Sep 2022
746,2022-08-05,Sugarcane juice,Beverages,25,5,125,Online,Female,Midnight,Aug,2022,Aug 2022
747,2023-01-14,Cold coffee,Beverages,40,3,120,Cash,Female,Midnight,Jan,2023,Jan 2023
748,2022-09-20,Sandwich,Fastfood,60,14,840,Cash,Female,Night,Sep,2022,Sep 2022
749,2022-08-31,Vadapav,Fastfood,20,11,220,Cash,Male,Morning,Aug,2022,Aug 2022
750,2023-02-01,Frankie,Fastfood,50,1,50,Online,Male,Evening,Feb,2023,Feb 2023
751,2022-09-16,Vadapav,Fastfood,20,2,40,Cash,Male,Afternoon,Sep,2022,Sep 2022
752,2022-06-04,Panipuri,Fastfood,20,2,40,Online,Female,Morning,Jun,2022,Jun 2022
753,2022-06-26,Sugarcane juice,Beverages,25,1,25,Cash,Male,Midnight,Jun,2022,Jun 2022
754,2022-12-29,Sugarcane juice,Beverages,25,14,350,Cash,Female,Evening,Dec,2022,Dec 2022
755,2023-01-02,Aalopuri,Fastfood,20,12,240,Cash,Female,Night,Jan,2023,Jan 2023
756,2022-10-21,Sugarcane juice,Beverages,25,10,250,Online,Female,Morning,Oct,2022,Oct 2022
757,2022-12-25,Sugarcane juice,Beverages,25,11,275,Online,Male,Morning,Dec,2022,Dec 2022
758,2022-09-25,Vadapav,Fastfood,20,3,60,Cash,Female,Evening,Sep,2022,Sep 2022
759,2022-12-25,Sugarcane juice,Beverages,25,13,325,Online,Male,Midnight,Dec,2022,Dec 2022
760,2022-11-14,Sugarcane juice,Beverages,25,1,25,Online,Female,Evening,Nov,2022,Nov 2022
761,2022-11-12,Sandwich,Fastfood,60,3,180,not available,Female,Midnight,Nov,2022,Nov 2022
762,2022-04-09,Vadapav,Fastfood,20,12,240,Online,Female,Midnight,Apr,2022,Apr 2022
763,2022-07-04,Vadapav,Fastfood,20,14,280,not available,Female,Night,Jul,2022,Jul 2022
764,2023-02-14,Sandwich,Fastfood,60,7,420,Cash,Female,Night,Feb,2023,Feb 2023
765,2022-06-15,Sandwich,Fastfood,60,13,780,Cash,Male,Night,Jun,2022,Jun 2022
766,2022-06-19,Sandwich,Fastfood,60,10,600,Online,Female,Morning,Jun,2022,Jun 2022
767,2023-02-26,Frankie,Fastfood,50,8,400,Cash,Female,Afternoon,Feb,2023,Feb 2023
768,2023-01-12,Sandwich,Fastfood,60,14,840,Cash,Male,Afternoon,Jan,2023,Jan 2023
769,2022-06-07,Frankie,Fastfood,50,8,400,Cash,Male,Morning,Jun,2022,Jun 2022
770,2023-02-22,Aalopuri,Fastfood,20,8,160,Cash,Female,Morning,Feb,2023,Feb 2023
771,2022-08-15,Panipuri,Fastfood,20,5,100,Online,Female,Midnight,Aug,2022,Aug 2022
772,2023-03-20,Cold coffee,Beverages,40,9,360,Cash,Male,Evening,Mar,2023,Mar 2023
773,2022-08-14,Cold coffee,Beverages,40,7,280,Online,Male,Afternoon,Aug,2022,Aug 2022
774,2023-03-15,Vadapav,Fastfood,20,1,20,Online,Female,Night,Mar,2023,Mar 2023
775,2023-03-27,Sandwich,Fastfood,60,6,360,Cash,Male,Night,Mar,2023,Mar 2023
776,2023-02-07,Frankie,Fastfood,50,10,500,Cash,Male,Midnight,Feb,2023,Feb 2023
777,2022-10-23,Panipuri,Fastfood,20,13,260,Cash,Male,Morning,Oct,2022,Oct 2022
778,2022-06-11,Frankie,Fastfood,50,13,650,Cash,Male,Evening,Jun,2022,Jun 2022
779,2023-01-16,Sandwich,Fastfood,60,13,780,not available,Male,Night,Jan,2023,Jan 2023
780,2022-11-27,Sugarcane juice,Beverages,25,13,325,Online,Female,Afternoon,Nov,2022,Nov 2022
781,2022-05-27,Aalopuri,Fastfood,20,10,200,Online,Male,Midnight,May,2022,May 2022
782,2022-12-16,Aalopuri,Fastfood,20,5,100,Online,Male,Night,Dec,2022,Dec 2022
783,2022-04-29,Aalopuri,Fastfood,20,8,160,Cash,Male,Morning,Apr,2022,Apr 2022
784,2022-07-09,Vadapav,Fastfood,20,8,160,Cash,Female,Morning,Jul,2022,Jul 2022
785,2022-12-07,Aalopuri,Fastfood,20,2,40,Online,Male,Afternoon,Dec,2022,Dec 2022
786,2023-03-13,Sandwich,Fastfood,60,14,840,Online,Female,Night,Mar,2023,Mar 2023
787,2023-03-25,Aalopuri,Fastfood,20,2,40,Cash,Female,Afternoon,Mar,2023,Mar 2023
788,2022-08-13,Sugarcane juice,Beverages,25,7,175,Online,Male,Afternoon,Aug,2022,Aug 2022
789,2022-08-03,Sugarcane juice,Beverages,25,7,175,Cash,Male,Morning,Aug,2022,Aug 2022
790,2022-07-20,Panipuri,Fastfood,20,3,60,Cash,Female,Evening,Jul,2022,Jul 2022
791,2022-04-07,Vadapav,Fastfood,20,3,60,not available,Male,Midnight,Apr,2022,Apr 2022
792,2023-02-25,Vadapav,Fastfood,20,2,40,Cash,Female,Morning,Feb,2023,Feb 2023
793,2022-08-30,Sandwich,Fastfood,60,6,360,Cash,Female,Night,Aug,2022,Aug 2022
794,2022-10-02,Sugarcane juice,Beverages,25,5,125,Online,Male,Afternoon,Oct,2022,Oct 2022
795,2023-01-10,Vadapav,Fastfood,20,9,180,Cash,Male,Evening,Jan,2023,Jan 2023
796,2022-06-25,Sugarcane juice,Beverages,25,14,350,Online,Male,Night,Jun,2022,Jun 2022
797,2022-11-26,Cold coffee,Beverages,40,11,440,Cash,Male,Night,Nov,2022,Nov 2022
798,2022-05-22,Frankie,Fastfood,50,12,600,not available,Male,Night,May,2022,May 2022
799,2023-01-11,Panipuri,Fastfood,20,1,20,Online,Female,Night,Jan,2023,Jan 2023
800,2022-11-06,Cold coffee,Beverages,40,14,560,Cash,Male,Night,Nov,2022,Nov 2022
801,2022-04-28,Aalopuri,Fastfood,20,7,140,Cash,Female,Evening,Apr,2022,Apr 2022
802,2023-01-23,Sandwich,Fastfood,60,7,420,Online,Female,Afternoon,Jan,2023,Jan 2023
803,2022-08-27,Vadapav,Fastfood,20,5,100,not available,Male,Night,Aug,2022,Aug 2022
804,2022-10-11,Cold coffee,Beverages,40,12,480,Online,Female,Night,Oct,2022,Oct 2022
805,2022-05-08,Sugarcane juice,Beverages,25,1,25,Online,Male,Afternoon,May,2022,May 2022
806,2022-05-23,Vadapav,Fastfood,20,3,60,Online,Male,Evening,May,2022,May 2022
807,2022-06-13,Frankie,Fastfood,50,1,50,Online,Female,Midnight,Jun,2022,Jun 2022
808,2022-09-21,Panipuri,Fastfood,20,1,20,Online,Male,Morning,Sep,2022,Sep 2022
809,2022-12-12,Panipuri,Fastfood,20,10,200,Online,Male,Evening,Dec,2022,Dec 2022
810,2022-12-27,Vadapav,Fastfood,20,3,60,Online,Male,Morning,Dec,2022,Dec 2022
811,2023-03-02,Aalopuri,Fastfood,20,13,260,Cash,Male,Afternoon,Mar,2023,Mar 2023
812,2022-08-08,Panipuri,Fastfood,20,5,100,Cash,Male,Afternoon,Aug,2022,Aug 2022
813,2022-10-13,Panipuri,Fastfood,20,10,200,Online,Male,Afternoon,Oct,2022,Oct 2022
814,2022-10-05,Vadapav,Fastfood,20,13,260,Cash,Female,Midnight,Oct,2022,Oct 2022
815,2022-04-20,Cold coffee,Beverages,40,12,480,Online,Female,Afternoon,Apr,2022,Apr 2022
816,2023-01-11,Sugarcane juice,Beverages,25,11,275,Cash,Male,Morning,Jan,2023,Jan 2023
817,2022-05-21,Aalopuri,Fastfood,20,12,240,Cash,Female,Evening,May,2022,May 2022
818,2023-02-28,Frankie,Fastfood,50,6,300,Cash,Male,Night,Feb,2023,Feb 2023
819,2022-10-12,Vadapav,Fastfood,20,10,200,Cash,Male,Evening,Oct,2022,Oct 2022
820,2023-02-24,Aalopuri,Fastfood,20,3,60,not available,Male,Midnight,Feb,2023,Feb 2023
821,2022-07-24,Aalopuri,Fastfood,20,12,240,Cash,Female,Midnight,Jul,2022,Jul 2022
822,2022-06-17,Panipuri,Fastfood,20,12,240,Online,Male,Morning,Jun,2022,Jun 2022
823,2023-02-13,Panipuri,Fastfood,20,11,220,Online,Male,Midnight,Feb,2023,Feb 2023
824,2023-01-18,Vadapav,Fastfood,20,2,40,Online,Female,Evening,Jan,2023,Jan 2023
825,2022-10-30,Panipuri,Fastfood,20,14,280,Cash,Female,Morning,Oct,2022,Oct 2022
826,2022-12-02,Sandwich,Fastfood,60,15,900,Cash,Female,Night,Dec,2022,Dec 2022
827,2023-01-06,Sandwich,Fastfood,60,12,720,Cash,Male,Midnight,Jan,2023,Jan 2023
828,2022-08-18,Panipuri,Fastfood,20,6,120,Cash,Male,Evening,Aug,2022,Aug 2022
829,2022-09-19,Cold coffee,Beverages,40,6,240,Cash,Male,Night,Sep,2022,Sep 2022
830,2022-11-28,Cold coffee,Beverages,40,9,360,not available,Male,Night,Nov,2022,Nov 2022
831,2022-08-01,Frankie,Fastfood,50,5,250,Online,Female,Morning,Aug,2022,Aug 2022
832,2022-06-06,Sugarcane juice,Beverages,25,4,100,Cash,Male,Morning,Jun,2022,Jun 2022
833,2022-09-01,Panipuri,Fastfood,20,2,40,Online,Female,Evening,Sep,2022,Sep 2022
834,2022-05-25,Sugarcane juice,Beverages,25,14,350,Cash,Male,Evening,May,2022,May 2022
835,2022-09-27,Sugarcane juice,Beverages,25,7,175,Online,Male,Afternoon,Sep,2022,Sep 2022
836,2022-08-31,Vadapav,Fastfood,20,2,40,Cash,Female,Midnight,Aug,2022,Aug 2022
837,2022-05-19,Aalopuri,Fastfood,20,7,140,Cash,Male,Midnight,May,2022,May 2022
838,2022-07-31,Cold coffee,Beverages,40,9,360,Online,Female,Morning,Jul,2022,Jul 2022
839,2022-05-08,Sugarcane juice,Beverages,25,4,100,Cash,Female,Afternoon,May,2022,May 2022
840,2023-02-18,Cold coffee,Beverages,40,15,600,not available,Female,Midnight,Feb,2023,Feb 2023
841,2023-02-03,Vadapav,Fastfood,20,9,180,Cash,Male,Night,Feb,2023,Feb 2023
842,2022-05-25,Panipuri,Fastfood,20,2,40,Cash,Female,Evening,May,2022,May 2022
843,2022-07-04,Sugarcane juice,Beverages,25,1,25,Cash,Female,Morning,Jul,2022,Jul 2022
844,2022-05-04,Sugarcane juice,Beverages,25,13,325,Cash,Male,Morning,May,2022,May 2022
845,2022-07-01,Cold coffee,Beverages,40,6,240,Online,Female,Evening,Jul,2022,Jul 2022
846,2022-04-20,Aalopuri,Fastfood,20,5,100,Online,Male,Afternoon,Apr,2022,Apr 2022
847,2022-08-14,Panipuri,Fastfood,20,11,220,Online,Male,Midnight,Aug,2022,Aug 2022
848,2022-11-10,Frankie,Fastfood,50,9,450,Cash,Male,Night,Nov,2022,Nov 2022
849,2022-11-03,Cold coffee,Beverages,40,10,400,Cash,Female,Night,Nov,2022,Nov 2022
850,2022-08-20,Vadapav,Fastfood,20,3,60,Online,Female,Afternoon,Aug,2022,Aug 2022
851,2023-01-28,Aalopuri,Fastfood,20,15,300,Online,Female,Night,Jan,2023,Jan 2023
852,2022-05-05,Sugarcane juice,Beverages,25,8,200,Online,Male,Night,May,2022,May 2022
853,2023-02-17,Cold coffee,Beverages,40,3,120,Online,Female,Midnight,Feb,2023,Feb 2023
854,2022-10-14,Cold coffee,Beverages,40,14,560,Online,Female,Night,Oct,2022,Oct 2022
855,2022-10-23,Vadapav,Fastfood,20,5,100,Online,Male,Evening,Oct,2022,Oct 2022
856,2022-05-04,Aalopuri,Fastfood,20,11,220,Cash,Female,Night,May,2022,May 2022
857,2022-11-08,Sugarcane juice,Beverages,25,14,350,Online,Female,Evening,Nov,2022,Nov 2022
858,2022-11-22,Cold coffee,Beverages,40,9,360,Cash,Male,Evening,Nov,2022,Nov 2022
859,2022-10-08,Sandwich,Fastfood,60,11,660,Cash,Female,Midnight,Oct,2022,Oct 2022
860,2022-07-16,Cold coffee,Beverages,40,5,200,Cash,Male,Night,Jul,2022,Jul 2022
861,2023-01-24,Sugarcane juice,Beverages,25,8,200,Cash,Female,Night,Jan,2023,Jan 2023
862,2023-03-10,Frankie,Fastfood,50,7,350,Online,Male,Night,Mar,2023,Mar 2023
863,2022-09-08,Frankie,Fastfood,50,9,450,Online,Male,Night,Sep,2022,Sep 2022
864,2022-08-20,Cold coffee,Beverages,40,9,360,Online,Male,Morning,Aug,2022,Aug 2022
865,2023-01-23,Sugarcane juice,Beverages,25,6,150,Cash,Female,Night,Jan,2023,Jan 2023
866,2022-08-13,Frankie,Fastfood,50,10,500,Online,Male,Midnight,Aug,2022,Aug 2022
867,2023-01-26,Frankie,Fastfood,50,15,750,Cash,Male,Midnight,Jan,2023,Jan 2023
868,2022-08-17,Aalopuri,Fastfood,20,13,260,Cash,Female,Evening,Aug,2022,Aug 2022
869,2022-06-26,Panipuri,Fastfood,20,9,180,Online,Male,Midnight,Jun,2022,Jun 2022
870,2022-10-31,Cold coffee,Beverages,40,5,200,Online,Female,Afternoon,Oct,2022,Oct 2022
871,2022-12-07,Vadapav,Fastfood,20,14,280,not available,Female,Evening,Dec,2022,Dec 2022
872,2022-07-14,Sandwich,Fastfood,60,12,720,Cash,Male,Afternoon,Jul,2022,Jul 2022
873,2022-05-09,Sugarcane juice,Beverages,25,1,25,Online,Male,Night,May,2022,May 2022
874,2022-05-09,Cold coffee,Beverages,40,4,160,Cash,Male,Midnight,May,2022,May 2022
875,2022-08-05,Vadapav,Fastfood,20,15,300,Cash,Male,Evening,Aug,2022,Aug 2022
876,2022-06-10,Cold coffee,Beverages,40,8,320,Online,Female,Evening,Jun,2022,Jun 2022
877,2022-10-27,Sugarcane juice,Beverages,25,14,350,Cash,Female,Afternoon,Oct,2022,Oct 2022
878,2022-08-12,Sandwich,Fastfood,60,6,360,Online,Male,Evening,Aug,2022,Aug 2022
879,2022-11-06,Cold coffee,Beverages,40,9,360,Cash,Female,Evening,Nov,2022,Nov 2022
880,2022-06-25,Sugarcane juice,Beverages,25,5,125,Cash,Female,Morning,Jun,2022,Jun 2022
881,2022-05-25,Sandwich,Fastfood,60,2,120,Cash,Male,Midnight,May,2022,May 2022
882,2022-04-23,Panipuri,Fastfood,20,9,180,Online,Male,Morning,Apr,2022,Apr 2022
883,2022-08-24,Aalopuri,Fastfood,20,5,100,Online,Female,Midnight,Aug,2022,Aug 2022
884,2023-03-01,Vadapav,Fastfood,20,12,240,Online,Male,Night,Mar,2023,Mar 2023
885,2022-10-16,Sugarcane juice,Beverages,25,4,100,Cash,Male,Evening,Oct,2022,Oct 2022
886,2022-07-21,Sugarcane juice,Beverages,25,4,100,Cash,Female,Night,Jul,2022,Jul 2022
887,2022-10-24,Aalopuri,Fastfood,20,3,60,Cash,Male,Morning,Oct,2022,Oct 2022
888,2022-09-05,Vadapav,Fastfood,20,8,160,Cash,Male,Evening,Sep,2022,Sep 2022
889,2022-04-12,Vadapav,Fastfood,20,10,200,Online,Male,Midnight,Apr,2022,Apr 2022
890,2023-03-03,Sugarcane juice,Beverages,25,5,125,Cash,Female,Morning,Mar,2023,Mar 2023
891,2022-12-27,Cold coffee,Beverages,40,11,440,Cash,Male,Midnight,Dec,2022,Dec 2022
892,2022-07-14,Sugarcane juice,Beverages,25,7,175,Online,Female,Evening,Jul,2022,Jul 2022
893,2022-07-13,Sugarcane juice,Beverages,25,12,300,Cash,Female,Afternoon,Jul,2022,Jul 2022
894,2023-03-19,Sandwich,Fastfood,60,15,900,Cash,Male,Morning,Mar,2023,Mar 2023
895,2023-01-03,Sugarcane juice,Beverages,25,11,275,Cash,Male,Afternoon,Jan,2023,Jan 2023
896,2022-10-30,Aalopuri,Fastfood,20,13,260,Cash,Male,Night,Oct,2022,Oct 2022
897,2022-08-22,Aalopuri,Fastfood,20,6,120,Online,Male,Morning,Aug,2022,Aug 2022
898,2023-03-02,Frankie,Fastfood,50,8,400,Cash,Male,Afternoon,Mar,2023,Mar 2023
899,2023-01-24,Aalopuri,Fastfood,20,7,140,Cash,Male,Midnight,Jan,2023,Jan 2023
900,2022-12-07,Sugarcane juice,Beverages,25,9,225,Online,Male,Afternoon,Dec,2022,Dec 2022
901,2022-12-24,Vadapav,Fastfood,20,7,140,Online,Female,Morning,Dec,2022,Dec 2022
902,2022-11-23,Frankie,Fastfood,50,4,200,Online,Male,Afternoon,Nov,2022,Nov 2022
903,2023-01-01,Aalopuri,Fastfood,20,15,300,Online,Male,Night,Jan,2023,Jan 2023
904,2023-03-12,Aalopuri,Fastfood,20,4,80,Cash,Female,Midnight,Mar,2023,Mar 2023
905,2022-12-13,Frankie,Fastfood,50,15,750,Cash,Female,Midnight,Dec,2022,Dec 2022
906,2022-04-04,Sandwich,Fastfood,60,15,900,Cash,Male,Afternoon,Apr,2022,Apr 2022
907,2022-10-19,Cold coffee,Beverages,40,4,160,not available,Female,Midnight,Oct,2022,Oct 2022
908,2023-03-06,Sandwich,Fastfood,60,7,420,Cash,Female,Night,Mar,2023,Mar 2023
909,2023-02-21,Cold coffee,Beverages,40,12,480,Online,Female,Morning,Feb,2023,Feb 2023
910,2022-10-09,Panipuri,Fastfood,20,1,20,Cash,Female,Afternoon,Oct,2022,Oct 2022
911,2022-04-09,Sandwich,Fastfood,60,1,60,Cash,Male,Evening,Apr,2022,Apr 2022
912,2022-09-17,Aalopuri,Fastfood,20,6,120,Cash,Male,Evening,Sep,2022,Sep 2022
913,2023-02-15,Frankie,Fastfood,50,15,750,Online,Male,Evening,Feb,2023,Feb 2023
914,2023-03-01,Sandwich,Fastfood,60,14,840,Cash,Male,Night,Mar,2023,Mar 2023
915,2022-10-07,Cold coffee,Beverages,40,7,280,Online,Male,Afternoon,Oct,2022,Oct 2022
916,2022-11-17,Cold coffee,Beverages,40,15,600,not available,Female,Afternoon,Nov,2022,Nov 2022
917,2022-05-15,Vadapav,Fastfood,20,15,300,Online,Male,Evening,May,2022,May 2022
918,2022-11-12,Panipuri,Fastfood,20,6,120,Cash,Male,Evening,Nov,2022,Nov 2022
919,2023-01-03,Vadapav,Fastfood,20,8,160,Online,Female,Evening,Jan,2023,Jan 2023
920,2022-07-12,Frankie,Fastfood,50,13,650,Online,Male,Evening,Jul,2022,Jul 2022
921,2022-09-21,Vadapav,Fastfood,20,14,280,Cash,Male,Midnight,Sep,2022,Sep 2022
922,2022-06-13,Frankie,Fastfood,50,5,250,Online,Female,Evening,Jun,2022,Jun 2022
923,2022-05-30,Cold coffee,Beverages,40,3,120,Online,Male,Morning,May,2022,May 2022
924,2022-12-17,Panipuri,Fastfood,20,14,280,Cash,Male,Afternoon,Dec,2022,Dec 2022
925,2022-04-10,Frankie,Fastfood,50,4,200,Online,Female,Afternoon,Apr,2022,Apr 2022
926,2023-02-27,Frankie,Fastfood,50,15,750,Cash,Female,Afternoon,Feb,2023,Feb 2023
927,2022-12-02,Cold coffee,Beverages,40,6,240,not available,Female,Evening,Dec,2022,Dec 2022
928,2022-04-07,Sandwich,Fastfood,60,11,660,Online,Male,Evening,Apr,2022,Apr 2022
929,2022-06-06,Frankie,Fastfood,50,9,450,Online,Female,Night,Jun,2022,Jun 2022
930,2022-11-27,Sugarcane juice,Beverages,25,10,250,Online,Male,Night,Nov,2022,Nov 2022
931,2022-06-26,Aalopuri,Fastfood,20,15,300,Cash,Male,Afternoon,Jun,2022,Jun 2022
932,2022-10-18,Sandwich,Fastfood,60,9,540,Online,Male,Afternoon,Oct,2022,Oct 2022
933,2023-01-21,Sugarcane juice,Beverages,25,15,375,Online,Female,Afternoon,Jan,2023,Jan 2023
934,2022-09-19,Cold coffee,Beverages,40,4,160,Cash,Female,Afternoon,Sep,2022,Sep 2022
935,2023-02-17,Sandwich,Fastfood,60,12,720,Cash,Male,Midnight,Feb,2023,Feb 2023
936,2022-08-10,Panipuri,Fastfood,20,2,40,not available,Male,Midnight,Aug,2022,Aug 2022
937,2022-06-22,Panipuri,Fastfood,20,4,80,Cash,Male,Night,Jun,2022,Jun 2022
938,2022-08-10,Sugarcane juice,Beverages,25,14,350,Cash,Male,Evening,Aug,2022,Aug 2022
939,2023-02-19,Vadapav,Fastfood,20,15,300,Online,Male,Midnight,Feb,2023,Feb 2023
940,2023-02-07,Sugarcane juice,Beverages,25,14,350,Online,Female,Midnight,Feb,2023,Feb 2023
941,2023-02-10,Cold coffee,Beverages,40,10,400,Online,Female,Morning,Feb,2023,Feb 2023
942,2022-07-20,Frankie,Fastfood,50,6,300,Cash,Male,Night,Jul,2022,Jul 2022
943,2022-06-30,Vadapav,Fastfood,20,6,120,Cash,Female,Night,Jun,2022,Jun 2022
944,2022-05-12,Aalopuri,Fastfood,20,2,40,Cash,Male,Midnight,May,2022,May 2022
945,2022-05-15,Cold coffee,Beverages,40,2,80,Online,Female,Afternoon,May,2022,May 2022
946,2023-02-21,Sandwich,Fastfood,60,8,480,Cash,Male,Midnight,Feb,2023,Feb 2023
947,2022-08-16,Aalopuri,Fastfood,20,11,220,Online,Male,Night,Aug,2022,Aug 2022
948,2023-01-16,Sandwich,Fastfood,60,10,600,Online,Male,Evening,Jan,2023,Jan 2023
949,2023-01-07,Panipuri,Fastfood,20,1,20,Cash,Female,Evening,Jan,2023,Jan 2023
950,2022-09-25,Frankie,Fastfood,50,6,300,Online,Female,Evening,Sep,2022,Sep 2022
951,2022-11-11,Panipuri,Fastfood,20,11,220,Cash,Female,Afternoon,Nov,2022,Nov 2022
952,2022-09-24,Aalopuri,Fastfood,20,14,280,Cash,Female,Evening,Sep,2022,Sep 2022
953,2022-11-10,Sandwich,Fastfood,60,2,120,Online,Female,Afternoon,Nov,2022,Nov 2022
954,2023-01-31,Aalopuri,Fastfood,20,3,60,Cash,Female,Midnight,Jan,2023,Jan 2023
955,2023-01-27,Sugarcane juice,Beverages,25,7,175,Online,Male,Afternoon,Jan,2023,Jan 2023
956,2022-04-30,Frankie,Fastfood,50,13,650,Online,Male,Morning,Apr,2022,Apr 2022
957,2023-02-08,Panipuri,Fastfood,20,3,60,Online,Female,Midnight,Feb,2023,Feb 2023
958,2022-05-22,Sandwich,Fastfood,60,11,660,Online,Female,Night,May,2022,May 2022
959,2022-11-28,Vadapav,Fastfood,20,8,160,Online,Female,Midnight,Nov,2022,Nov 2022
960,2022-08-12,Sugarcane juice,Beverages,25,15,375,Online,Female,Evening,Aug,2022,Aug 2022
961,2023-03-14,Frankie,Fastfood,50,13,650,Cash,Male,Night,Mar,2023,Mar 2023
962,2022-05-18,Frankie,Fastfood,50,13,650,Online,Female,Afternoon,May,2022,May 2022
963,2022-10-05,Vadapav,Fastfood,20,6,120,Cash,Female,Morning,Oct,2022,Oct 2022
964,2022-05-07,Cold coffee,Beverages,40,8,320,Cash,Male,Evening,May,2022,May 2022
965,2022-10-08,Frankie,Fastfood,50,5,250,Online,Female,Night,Oct,2022,Oct 2022
966,2023-03-19,Panipuri,Fastfood,20,11,220,Online,Female,Morning,Mar,2023,Mar 2023
967,2022-06-29,Cold coffee,Beverages,40,14,560,Cash,Male,Afternoon,Jun,2022,Jun 2022
968,2022-08-09,Cold coffee,Beverages,40,15,600,Cash,Female,Morning,Aug,2022,Aug 2022
969,2022-11-06,Cold coffee,Beverages,40,11,440,Cash,Male,Morning,Nov,2022,Nov 2022
970,2022-11-21,Aalopuri,Fastfood,20,5,100,Online,Female,Afternoon,Nov,2022,Nov 2022
971,2022-10-02,Frankie,Fastfood,50,2,100,Cash,Female,Morning,Oct,2022,Oct 2022
972,2023-03-11,Aalopuri,Fastfood,20,1,20,Cash,Female,Afternoon,Mar,2023,Mar 2023
973,2022-06-07,Sugarcane juice,Beverages,25,1,25,not available,Female,Morning,Jun,2022,Jun 2022
974,2023-01-28,Vadapav,Fastfood,20,13,260,Online,Male,Afternoon,Jan,2023,Jan 2023
975,2023-01-15,Aalopuri,Fastfood,20,1,20,Cash,Male,Midnight,Jan,2023,Jan 2023
976,2022-04-17,Sugarcane juice,Beverages,25,11,275,not available,Female,Morning,Apr,2022,Apr 2022
977,2023-01-05,Aalopuri,Fastfood,20,1,20,Cash,Male,Evening,Jan,2023,Jan 2023
978,2022-10-08,Frankie,Fastfood,50,2,100,Online,Male,Night,Oct,2022,Oct 2022
979,2022-05-21,Aalopuri,Fastfood,20,13,260,Cash,Female,Midnight,May,2022,May 2022
980,2022-06-20,Vadapav,Fastfood,20,9,180,Online,Male,Morning,Jun,2022,Jun 2022
981,2023-01-22,Panipuri,Fastfood,20,15,300,Online,Male,Midnight,Jan,2023,Jan 2023
982,2023-03-30,Sugarcane juice,Beverages,25,14,350,Cash,Female,Night,Mar,2023,Mar 2023
983,2023-03-17,Cold coffee,Beverages,40,10,400,not available,Female,Night,Mar,2023,Mar 2023
984,2023-01-07,Frankie,Fastfood,50,3,150,Cash,Male,Afternoon,Jan,2023,Jan 2023
985,2022-06-14,Frankie,Fastfood,50,1,50,Cash,Female,Afternoon,Jun,2022,Jun 2022
986,2022-04-30,Sugarcane juice,Beverages,25,13,325,Online,Male,Night,Apr,2022,Apr 2022
987,2023-01-04,Vadapav,Fastfood,20,3,60,Cash,Female,Evening,Jan,2023,Jan 2023
988,2023-01-03,Frankie,Fastfood,50,13,650,not available,Female,Night,Jan,2023,Jan 2023
989,2022-10-11,Cold coffee,Beverages,40,13,520,Cash,Male,Afternoon,Oct,2022,Oct 2022
990,2022-11-24,Vadapav,Fastfood,20,10,200,Online,Female,Morning,Nov,2022,Nov 2022
991,2023-01-18,Sandwich,Fastfood,60,7,420,Cash,Female,Night,Jan,2023,Jan 2023
992,2022-10-21,Sandwich,Fastfood,60,5,300,Cash,Male,Morning,Oct,2022,Oct 2022
993,2022-07-17,Frankie,Fastfood,50,3,150,Online,Female,Night,Jul,2022,Jul 2022
994,2022-11-01,Panipuri,Fastfood,20,2,40,Online,Female,Evening,Nov,2022,Nov 2022
995,2022-06-18,Sugarcane juice,Beverages,25,1,25,Online,Male,Night,Jun,2022,Jun 2022
996,2023-03-19,Frankie,Fastfood,50,10,500,not available,Female,Evening,Mar,2023,Mar 2023
997,2022-09-20,Sandwich,Fastfood,60,7,420,not available,Male,Evening,Sep,2022,Sep 2022
998,2023-01-26,Sandwich,Fastfood,60,13,780,not available,Male,Evening,Jan,2023,Jan 2023
999,2022-08-27,Panipuri,Fastfood,20,5,100,not available,Female,Afternoon,Aug,2022,Aug 2022
1000,2022-05-29,Aalopuri,Fastfood,20,3,60,Online,Female,Midnight,May,2022,May 2022
